latitude,longitude,report_type,risk_level,timestamp
-26.212545988115263,28.05585293712158,dangerous_area,3,2025-08-01
-26.154928569359008,28.04288770930753,lighting_issue,5,2025-10-16
-26.17680060581886,28.024762209302907,lighting_issue,2,2025-12-27
-26.190134151580295,28.065103601576556,unsafe_condition,4,2026-04-30
-26.234398135955757,28.05477849380431,suspicious_activity,0,2026-03-26
-26.23440054796638,28.01300935514759,lighting_issue,4,2026-01-08
-26.24419163878318,28.072874174759505,lighting_issue,5,2026-04-30
-26.163382385422505,28.06580297943385,safe_area,5,2026-01-07
-26.189888498825677,28.075983993063353,safe_area,0,2025-06-10
-26.179192742220394,28.058057560671067,dangerous_area,1,2025-10-06
-26.24794155057042,28.049073215674863,unsafe_condition,0,2025-06-24
-26.153009014783798,28.033459442903247,dangerous_area,3,2025-10-16
-26.166755735919956,28.074618278668318,safe_area,2,2025-09-29
-26.228766088932172,28.06928511116003,suspicious_activity,1,2025-10-03
-26.231817503279288,28.003617493608495,safe_area,0,2025-07-31
-26.231659549014655,28.00210935795978,unsafe_condition,4,2025-08-06
-26.219575775704048,28.030117069350243,safe_area,1,2026-02-11
-26.197524356836777,28.064844266462543,unsafe_condition,1,2025-10-15
-26.206805498135786,28.078982090345193,unsafe_condition,0,2026-03-16
-26.220877085980195,28.01203335128828,unsafe_condition,1,2026-04-13
-26.18881471052776,28.04753045722817,unsafe_condition,4,2026-04-07
-26.236050613934797,28.03047126853048,unsafe_condition,5,2026-03-27
-26.22078553514648,28.077593151825166,suspicious_activity,1,2025-07-21
-26.21336381567063,28.067369513850856,dangerous_area,5,2026-02-11
-26.204393001578296,28.06706629637689,lighting_issue,4,2026-02-28
-26.171482403860697,28.037495452783595,dangerous_area,0,2026-02-02
-26.230032621784165,28.03318556018701,unsafe_condition,2,2025-10-16
-26.19857655615864,28.021872565754457,suspicious_activity,1,2026-02-14
-26.190758543113795,28.004510039732075,safe_area,2,2026-04-16
-26.245354958728,28.069177790100404,suspicious_activity,4,2025-08-13
-26.189245514809855,28.065032080730404,unsafe_condition,1,2025-07-10
-26.23294758763127,28.07997741386289,suspicious_activity,5,2026-04-11
-26.243494840701473,28.07973094696591,suspicious_activity,3,2025-10-15
-26.155111446274667,28.044434536448207,unsafe_condition,2,2025-11-08
-26.153436796692542,28.061518993214438,suspicious_activity,1,2025-08-29
-26.169160265188353,28.075581258390592,lighting_issue,2,2026-05-23
-26.219538623082663,28.06797179125419,lighting_issue,1,2025-06-03
-26.24023278859936,28.019787848139455,suspicious_activity,0,2026-01-13
-26.181576697348785,28.036043530824806,safe_area,5,2025-10-04
-26.20598475062604,28.01033275321212,unsafe_condition,2,2026-05-24
-26.237796176515523,28.076324082180697,lighting_issue,3,2025-06-23
-26.20048230898887,28.04849397075607,safe_area,3,2026-02-18
-26.246561147888478,28.018291424440278,suspicious_activity,4,2026-01-20
-26.15906795979212,28.053736054752466,safe_area,1,2026-05-15
-26.224122001839998,28.049450259236632,dangerous_area,2,2026-04-27
-26.1837477715646,28.028653017442625,lighting_issue,4,2025-09-06
-26.21882889239106,28.00908460737597,suspicious_activity,2,2025-10-14
-26.19799319788222,28.05372585564742,unsafe_condition,1,2026-03-22
-26.19532897206567,28.0416246160723,suspicious_activity,3,2025-07-13
-26.231514554447447,28.06178547133885,unsafe_condition,0,2025-07-10
-26.153041537223544,28.041613080088958,suspicious_activity,3,2026-05-30
-26.172486717663887,28.068174520025483,safe_area,4,2025-09-18
-26.15605010584358,28.04415254710196,safe_area,5,2026-03-06
-26.160517264957235,28.04487503772283,safe_area,0,2025-07-24
-26.190210002118892,28.070132288212665,dangerous_area,4,2025-12-15
-26.157812576497687,28.03227862929699,unsafe_condition,1,2026-05-07
-26.24115074979481,28.01072121827605,safe_area,0,2026-03-08
-26.230401713758084,28.002302614105066,dangerous_area,4,2026-01-07
-26.245477271108946,28.060410980453888,unsafe_condition,1,2025-11-19
-26.217466966923674,28.049624764108277,suspicious_activity,3,2025-08-28
-26.21113227103105,28.05632638144794,dangerous_area,5,2025-09-25
-26.22286509682261,28.017037132920713,lighting_issue,1,2026-05-08
-26.167126249084806,28.010909718046943,dangerous_area,2,2026-05-11
-26.21432466733064,28.001163573253432,dangerous_area,1,2025-12-19
-26.22190654903126,28.028047004704526,unsafe_condition,1,2025-07-09
-26.195730391684176,28.04719341494837,suspicious_activity,5,2025-12-08
-26.235907577502523,28.031379523607978,lighting_issue,2,2025-06-08
-26.169780301924593,28.0349979937619,safe_area,4,2025-12-10
-26.242544935632022,28.0723326955595,safe_area,4,2025-10-02
-26.151311306339945,28.027860437361863,dangerous_area,1,2026-01-22
-26.17277552307033,28.041119159132784,unsafe_condition,2,2026-04-19
-26.230128431846584,28.062692241019292,unsafe_condition,2,2025-12-22
-26.24944778828764,28.0317234225857,safe_area,5,2026-01-05
-26.168453857154514,28.04976693601823,lighting_issue,3,2025-06-20
-26.179314265615236,28.068989096699738,suspicious_activity,4,2025-10-26
-26.1770992831959,28.07596164989261,lighting_issue,5,2026-05-15
-26.172872965331404,28.01176587847432,suspicious_activity,0,2025-06-04
-26.24259553482659,28.07412701001292,safe_area,4,2025-08-02
-26.214153427145572,28.039369303446364,suspicious_activity,5,2025-11-12
-26.238413094047488,28.020659551063915,unsafe_condition,4,2025-08-24
-26.16368965741244,28.03673086049906,dangerous_area,3,2026-01-30
-26.187670187317245,28.078402606022838,dangerous_area,0,2025-08-14
-26.216910197514736,28.03940944751943,safe_area,3,2026-02-15
-26.243644164971396,28.026300128823,unsafe_condition,0,2025-11-15
-26.218901767828434,28.050672068345335,lighting_issue,1,2026-04-02
-26.217481667797326,28.019211649502257,unsafe_condition,5,2026-05-06
-26.177039382166193,28.006069066248692,dangerous_area,0,2026-03-22
-26.186244252864476,28.01031037775285,dangerous_area,3,2026-05-02
-26.161278725742367,28.010243667116622,unsafe_condition,4,2025-09-01
-26.202778507483803,28.012152215480985,unsafe_condition,0,2025-07-03
-26.23804057540617,28.011106173811953,dangerous_area,5,2025-07-08
-26.1786755212777,28.051269979584255,lighting_issue,0,2025-11-30
-26.17392149513831,28.01455040675193,safe_area,2,2025-08-05
-26.19387228024305,28.027653382665907,safe_area,4,2025-10-09
-26.172903282004544,28.07174307279248,unsafe_condition,5,2025-10-19
-26.20062044036356,28.03791693122103,safe_area,5,2025-09-17
-26.1977267170618,28.053404619081682,dangerous_area,1,2026-04-19
-26.207245898164146,28.01378558969613,dangerous_area,3,2025-10-29
-26.24745808732559,28.015383121504694,unsafe_condition,1,2026-01-29
-26.23921085730067,28.003269489301317,unsafe_condition,5,2026-04-24
-26.246857081431326,28.013514805045773,unsafe_condition,4,2025-07-27
-26.186358958873623,28.022287227122558,lighting_issue,0,2025-09-19
-26.218564401892365,28.01416083874214,safe_area,0,2026-05-26
-26.19914293088353,28.007096202700563,unsafe_condition,4,2025-12-02
-26.15924335260739,28.00965086968805,suspicious_activity,5,2026-05-02
-26.22507077708511,28.036862301442618,suspicious_activity,0,2026-05-10
-26.208961707696435,28.01650669747246,dangerous_area,0,2026-01-29
-26.174444886145693,28.029141588883846,safe_area,0,2026-01-02
-26.227120183450836,28.04027338166839,unsafe_condition,3,2025-12-08
-26.24230200901712,28.055231586290347,suspicious_activity,3,2026-03-13
-26.221024854708624,28.00314497118729,safe_area,2,2026-04-25
-26.2338778712746,28.063952831912722,dangerous_area,1,2026-02-04
-26.15703023476574,28.050232031159272,lighting_issue,4,2025-08-24
-26.16918796204356,28.00654072255591,safe_area,4,2025-06-30
-26.186659624348955,28.06988628992854,safe_area,4,2026-03-29
-26.162853940981226,28.073669792042544,lighting_issue,2,2025-12-11
-26.169632792310086,28.00488623678839,safe_area,3,2025-12-16
-26.231342994111397,28.022150211851777,dangerous_area,5,2025-10-26
-26.160744100151,28.064496102383444,dangerous_area,5,2025-10-01
-26.196065775808435,28.059860775230693,lighting_issue,2,2025-07-09
-26.16925598448359,28.01476168154851,unsafe_condition,5,2026-04-12
-26.16039087000765,28.016747945866936,suspicious_activity,4,2026-04-23
-26.218199652502815,28.02963776822331,unsafe_condition,1,2025-10-08
-26.238994807547233,28.03876183881528,safe_area,0,2025-12-20
-26.227206483745807,28.049460381722422,suspicious_activity,3,2026-02-17
-26.207289221137373,28.02951309116558,lighting_issue,3,2025-12-14
-26.16819852340775,28.037002777290652,lighting_issue,2,2025-06-02
-26.163926941674365,28.0597976750507,suspicious_activity,3,2026-03-24
-26.24930478694688,28.002934656231247,dangerous_area,4,2025-11-20
-26.198925269742244,28.02019495554752,suspicious_activity,5,2026-05-28
-26.20825889968512,28.05706796687076,safe_area,4,2026-03-12
-26.22778921895293,28.071616547014976,dangerous_area,2,2025-11-14
-26.238013463266633,28.040934195369253,lighting_issue,4,2025-10-13
-26.216238482859637,28.042569078821224,suspicious_activity,5,2025-11-09
-26.155709029608747,28.008573760907183,unsafe_condition,1,2025-08-01
-26.217679706797924,28.035792989345875,unsafe_condition,2,2025-09-17
-26.198120937825664,28.0426093813164,safe_area,1,2025-06-19
-26.179698104110482,28.019397640290777,unsafe_condition,0,2025-07-22
-26.21363703976207,28.02153945847595,suspicious_activity,1,2025-11-18
-26.152821791727902,28.03018273304837,suspicious_activity,0,2025-09-09
-26.153755270505787,28.001605695822217,unsafe_condition,0,2026-01-10
-26.224821770417464,28.025766333246654,suspicious_activity,1,2025-11-07
-26.20027514941076,28.016915840559722,safe_area,2,2025-10-24
-26.219912169018322,28.02619978817423,dangerous_area,5,2026-02-05
-26.221515950562253,28.00958097054554,safe_area,4,2025-07-23
-26.24631130526455,28.07124218245919,safe_area,4,2026-05-01
-26.18904356660201,28.04748739628432,suspicious_activity,5,2026-04-19
-26.199732097677114,28.054328185531556,dangerous_area,0,2026-02-16
-26.244852124875003,28.063133699088585,suspicious_activity,0,2025-07-26
-26.222135353576338,28.039875375914324,lighting_issue,2,2026-01-23
-26.159173411403334,28.006953623046993,suspicious_activity,3,2026-02-16
-26.2260438109333,28.042968523345483,suspicious_activity,1,2026-03-01
-26.235510512790878,28.04694728944167,suspicious_activity,0,2026-04-26
-26.20105472397224,28.059635157934746,dangerous_area,4,2025-06-27
-26.15143495458894,28.034532763698373,suspicious_activity,2,2025-10-24
-26.22579447284885,28.010206424223647,dangerous_area,1,2026-01-09
-26.18278644525941,28.022702072463897,unsafe_condition,2,2026-01-30
-26.173838038467128,28.02904658371189,lighting_issue,1,2025-08-25
-26.22623624560076,28.05167337930653,dangerous_area,1,2025-08-25
-26.17717836513881,28.04566226437351,unsafe_condition,5,2026-02-28
-26.213221686728073,28.028487738071828,dangerous_area,0,2025-09-29
-26.186769416940642,28.078921219903435,dangerous_area,2,2025-08-07
-26.18664702892391,28.04846198554855,lighting_issue,2,2025-06-15
-26.196422531592525,28.01897814333888,safe_area,5,2025-08-23
-26.240971022994557,28.00814259780963,safe_area,4,2025-08-01
-26.166469750441074,28.012228731134748,dangerous_area,4,2025-06-18
-26.217921993502827,28.01967661827076,suspicious_activity,0,2026-04-05
-26.231348148960013,28.012854509860762,unsafe_condition,0,2025-11-17
-26.245922485844524,28.014925361924103,suspicious_activity,3,2025-12-16
-26.190910705681176,28.02280761349551,suspicious_activity,5,2025-12-27
-26.18224356381577,28.01386988762358,dangerous_area,4,2025-10-05
-26.248341217107214,28.071741233970112,dangerous_area,1,2025-10-30
-26.19879069417007,28.006418699652933,dangerous_area,2,2025-06-26
-26.227350422480207,28.04196091116562,dangerous_area,0,2025-10-22
-26.185482720959055,28.03283174615917,safe_area,2,2026-03-10
-26.2325633570995,28.078590289352686,dangerous_area,2,2025-09-20
-26.18090622618975,28.008963112173443,safe_area,3,2026-05-17
-26.211326465369947,28.031828447923658,safe_area,4,2026-02-02
-26.156327001126325,28.07755763466203,dangerous_area,0,2025-12-17
-26.2362479055854,28.069240570071518,lighting_issue,2,2025-08-18
-26.215893364894974,28.065365765675942,unsafe_condition,0,2026-02-18
-26.23865264787594,28.020632226163595,suspicious_activity,1,2025-12-28
-26.157530638172144,28.013671006991206,safe_area,3,2025-08-26
-26.1622660646619,28.053491457593953,unsafe_condition,1,2026-03-29
-26.224205837228485,28.074350079130205,lighting_issue,0,2026-05-29
-26.18400159539658,28.044541031441113,suspicious_activity,0,2026-01-13
-26.168277779979878,28.04572901515759,suspicious_activity,4,2025-12-24
-26.194479918840052,28.022398327492823,safe_area,2,2025-10-23
-26.1970349421644,28.061559434655354,dangerous_area,2,2025-12-03
-26.225814770909956,28.0149634998846,lighting_issue,1,2025-07-19
-26.24068972321941,28.025894338912337,safe_area,3,2025-09-19
-26.160278424204666,28.03403491508931,lighting_issue,5,2026-01-13
-26.159958194283664,28.040608830294754,dangerous_area,2,2025-06-03
-26.18668985427267,28.019392778593208,dangerous_area,4,2026-03-04
-26.21609702089513,28.009186945979135,safe_area,1,2025-12-03
-26.215079042538733,28.04884960339533,dangerous_area,1,2026-01-03
-26.177404432112976,28.02309044425922,unsafe_condition,5,2026-03-30
-26.16028897400474,28.04649905771381,suspicious_activity,4,2026-03-19
-26.161291357573486,28.012349017221936,safe_area,3,2026-02-19
-26.172012445414236,28.038491208148386,lighting_issue,4,2025-06-20
-26.185796835384572,28.042607154604127,unsafe_condition,3,2025-09-18
-26.241586003500494,28.004145882945792,safe_area,4,2025-09-26
-26.233837128590537,28.026928342255513,dangerous_area,4,2025-06-08
-26.16014458114729,28.010753174155116,dangerous_area,0,2026-04-09
-26.18935709403404,28.005069997637822,dangerous_area,1,2025-08-16
-26.249080294838336,28.079196818591193,dangerous_area,4,2026-04-09
-26.239852845713397,28.025788307597978,lighting_issue,5,2025-06-28
-26.183649823089194,28.06478995566837,unsafe_condition,4,2026-03-26
-26.24949384161538,28.0203712523811,suspicious_activity,2,2025-06-01
-26.23391919485825,28.054520217777913,lighting_issue,1,2025-07-01
-26.19512662106334,28.060818228791174,lighting_issue,2,2026-05-10
-26.18081048023073,28.047651099248625,suspicious_activity,1,2025-09-19
-26.184803874049738,28.03772609508401,suspicious_activity,2,2025-09-20
-26.227573069053943,28.032947273131782,dangerous_area,4,2025-06-06
-26.178782077865247,28.02790946132344,lighting_issue,4,2025-12-23
-26.22627509125032,28.074362331539824,safe_area,0,2025-10-21
-26.21746003018407,28.066449552623016,suspicious_activity,5,2025-12-17
-26.175350859488198,28.07720215285332,suspicious_activity,2,2026-01-06
-26.18503671009528,28.009943777878842,unsafe_condition,3,2025-12-24
-26.16507765895058,28.05846939801629,safe_area,0,2026-04-02
-26.184238710769964,28.07506723654568,safe_area,2,2025-08-15
-26.193169139666452,28.01449864529325,suspicious_activity,2,2026-04-10
-26.24063252321719,28.005319701389343,dangerous_area,0,2025-06-09
-26.213228419694055,28.059289651943203,unsafe_condition,4,2025-09-01
-26.223479763231826,28.045957849054393,safe_area,2,2025-07-06
-26.22560103566209,28.06734630214066,suspicious_activity,4,2026-03-16
-26.152698944524754,28.011181790130102,safe_area,0,2025-06-13
-26.210690227533323,28.06362138494879,unsafe_condition,4,2025-07-17
-26.16079534448229,28.01613018560382,unsafe_condition,1,2025-10-25
-26.186886137400272,28.013092475429257,lighting_issue,3,2025-09-19
-26.170518869645836,28.01314126383448,suspicious_activity,2,2025-12-24
-26.19973629068948,28.06516597761851,unsafe_condition,5,2025-09-07
-26.192309611537365,28.053215777655694,lighting_issue,3,2026-04-09
-26.200748230618114,28.04184523398153,lighting_issue,4,2026-04-04
-26.230475701220197,28.02870643872988,safe_area,2,2026-01-20
-26.177754788473848,28.070176043265047,safe_area,4,2026-01-23
-26.221922763755913,28.03139560859381,lighting_issue,1,2026-01-19
-26.247568403356855,28.065327955157723,safe_area,0,2026-03-15
-26.18545277040928,28.035130792685617,unsafe_condition,2,2025-06-15
-26.232288932059294,28.030155554353993,dangerous_area,1,2025-10-26
-26.155954141564706,28.037014382853567,unsafe_condition,1,2025-06-12
-26.15460714229974,28.024110229933132,lighting_issue,2,2025-07-20
-26.158513560977955,28.0598087504141,lighting_issue,4,2025-09-24
-26.212984129974455,28.040217631207398,unsafe_condition,5,2026-05-14
-26.248454338347113,28.018577015611744,safe_area,1,2025-07-13
-26.157168143741227,28.071965965861963,safe_area,3,2026-01-19
-26.207181585168268,28.030711297709857,lighting_issue,1,2025-09-28
-26.153334518095633,28.043484228889117,suspicious_activity,5,2025-10-19
-26.153638002291075,28.072517768877162,safe_area,4,2026-04-20
-26.164699054453262,28.04993903967312,unsafe_condition,4,2025-08-07
-26.22055511079304,28.00935184325667,safe_area,3,2026-06-01
-26.21149022713981,28.075186569889077,unsafe_condition,1,2026-04-20
-26.16488633284831,28.05021664424571,lighting_issue,4,2025-08-12
-26.21830779948437,28.026792449172568,safe_area,5,2026-03-12
-26.233050725331392,28.011141765813072,unsafe_condition,2,2026-03-13
-26.194319873754164,28.063522015141622,lighting_issue,0,2025-10-07
-26.15638452258392,28.04960582047428,suspicious_activity,0,2026-03-02
-26.180397020332503,28.042676887358105,unsafe_condition,0,2026-04-11
-26.19299388299106,28.071511406644074,suspicious_activity,1,2025-07-04
-26.240282350622923,28.063087776897962,suspicious_activity,3,2026-01-29
-26.18849927733008,28.01213399037862,dangerous_area,4,2026-04-28
-26.15099461498957,28.024937765423644,safe_area,2,2025-11-29
-26.235991598476346,28.019879131185156,unsafe_condition,5,2025-09-23
-26.198167034763625,28.05951570340581,suspicious_activity,2,2025-10-08
-26.162262692807204,28.00268259477886,dangerous_area,5,2025-09-25
-26.17592313822458,28.045591174789703,lighting_issue,1,2025-08-05
-26.18029842590047,28.060996694859252,unsafe_condition,0,2026-04-29
-26.17975159160129,28.07014125094094,suspicious_activity,1,2026-01-19
-26.214050884878024,28.027366539897272,safe_area,3,2026-04-10
-26.22064081557355,28.065700584373758,dangerous_area,3,2026-04-05
-26.169063884452147,28.008850538956416,suspicious_activity,5,2026-02-02
-26.16898866053208,28.06771618333876,safe_area,4,2026-04-15
-26.16329276814199,28.010199092986557,suspicious_activity,4,2026-01-13
-26.158675944744353,28.031782983244828,unsafe_condition,5,2025-07-14
-26.198865760113904,28.063783629262364,unsafe_condition,3,2025-10-20
-26.199848370531278,28.0119933941879,unsafe_condition,3,2025-08-05
-26.17017048210332,28.01834011161861,dangerous_area,3,2025-10-23
-26.185003606922223,28.057780205471445,unsafe_condition,1,2026-05-07
-26.179803312274228,28.057602922923685,safe_area,3,2025-09-28
-26.17042073305639,28.051291810630822,suspicious_activity,2,2026-02-18
-26.160999465818243,28.05551587555737,lighting_issue,0,2025-11-07
-26.216200484314847,28.043417955467806,safe_area,3,2026-02-15
-26.212441704736005,28.020143924712556,safe_area,5,2025-09-21
-26.240601806015913,28.02765567948031,unsafe_condition,0,2025-11-12
-26.19217198590038,28.014527817344113,dangerous_area,1,2026-02-02
-26.246405772620324,28.07267604490669,suspicious_activity,5,2026-04-16
-26.203440198186755,28.046671343581288,dangerous_area,0,2025-09-06
-26.19573553652924,28.03206811334109,suspicious_activity,5,2025-11-23
-26.221345874787172,28.03696046429153,suspicious_activity,1,2026-02-18
-26.190916673943097,28.075782667168944,dangerous_area,2,2025-09-24
-26.246949975006096,28.012268112249288,safe_area,1,2025-09-01
-26.24626518112508,28.04689838656134,suspicious_activity,1,2025-11-29
-26.167739943934034,28.040471094310757,dangerous_area,5,2025-08-27
-26.213980935858874,28.048916338834772,suspicious_activity,4,2026-04-07
-26.237293948734813,28.001448814705668,lighting_issue,3,2026-04-06
-26.197775673994517,28.06976991271553,safe_area,3,2026-05-04
-26.173000644690138,28.07456946259869,unsafe_condition,2,2026-01-03
-26.228417897250317,28.045210654687136,suspicious_activity,2,2025-12-13
-26.187710952418097,28.05573206591015,lighting_issue,3,2025-10-13
-26.241465253500625,28.07379995049418,unsafe_condition,4,2025-12-30
-26.24483182788314,28.05657909074507,unsafe_condition,3,2026-04-05
-26.196864536843183,28.012203123433142,suspicious_activity,4,2026-05-18
-26.19593648783899,28.046103068813345,dangerous_area,2,2026-02-07
-26.186257009850177,28.048537203710627,suspicious_activity,0,2026-02-22
-26.177390866627732,28.03393045370419,lighting_issue,5,2025-06-03
-26.152414792053744,28.058915538849977,unsafe_condition,2,2025-08-28
-26.19836996516988,28.07474936118152,suspicious_activity,2,2026-04-17
-26.217704352705876,28.07404548103254,dangerous_area,1,2025-06-22
-26.170481380523128,28.03606714971233,suspicious_activity,1,2025-08-21
-26.22291677487379,28.00905904366726,safe_area,1,2026-03-14
-26.206102857929437,28.078787295916985,dangerous_area,5,2026-02-24
-26.242154361865772,28.067111846915672,lighting_issue,1,2026-05-22
-26.247464925658456,28.00997301449626,unsafe_condition,4,2026-02-18
-26.153735158532207,28.073667350609387,suspicious_activity,3,2026-06-01
-26.166401987948777,28.069591708964968,dangerous_area,0,2026-01-30
-26.18040257939063,28.041507044570086,safe_area,2,2025-12-05
-26.209104705558573,28.047302034859594,dangerous_area,4,2025-11-14
-26.232670567992916,28.03192021630961,safe_area,0,2026-04-03
-26.23435629573289,28.00438093110576,lighting_issue,4,2025-08-21
-26.22497571018354,28.02681577933167,unsafe_condition,4,2026-03-23
-26.195077333529387,28.06422827588784,lighting_issue,2,2025-12-03
-26.178540407729994,28.00037056184037,suspicious_activity,3,2025-12-14
-26.183980262328227,28.02667993373529,dangerous_area,1,2025-09-04
-26.222006610305407,28.031853495487276,safe_area,5,2026-04-17
-26.15451347193368,28.042991648235034,safe_area,3,2026-02-09
-26.176210308330422,28.073588449313018,dangerous_area,5,2026-03-06
-26.194564594748858,28.027707679549277,dangerous_area,2,2025-10-27
-26.188827925376565,28.027756256151697,suspicious_activity,2,2025-07-25
-26.20803999375722,28.059000099848777,lighting_issue,2,2026-03-08
-26.225226901049883,28.036177435271185,safe_area,0,2025-07-29
-26.21440273213487,28.017968385835196,suspicious_activity,5,2026-03-14
-26.174215388953563,28.036195161290614,lighting_issue,3,2025-09-13
-26.248560651137023,28.011268561630384,suspicious_activity,3,2025-07-12
-26.238392735949308,28.014110958920497,safe_area,4,2025-10-28
-26.245399735797825,28.03986942181916,dangerous_area,4,2026-01-28
-26.2459271197681,28.033514035960362,dangerous_area,4,2026-04-05
-26.164453941598897,28.073187672085446,lighting_issue,2,2025-06-08
-26.179634214061995,28.02899151192933,unsafe_condition,3,2026-01-12
-26.202582617091267,28.046447068022243,lighting_issue,5,2025-10-01
-26.2402165839349,28.05058114303356,unsafe_condition,2,2025-08-18
-26.200838412488316,28.001047556527066,suspicious_activity,0,2025-08-22
-26.202652822921944,28.053082989761336,suspicious_activity,4,2025-06-02
-26.232679813009,28.01424287734958,safe_area,2,2025-10-27
-26.206614835076202,28.076885625397555,unsafe_condition,2,2026-05-03
-26.21014952656026,28.01189301822025,safe_area,0,2025-12-26
-26.188414990194776,28.03316992989816,dangerous_area,1,2025-10-01
-26.186490634913234,28.006827973446292,unsafe_condition,3,2026-05-02
-26.245469599022794,28.079749940147675,lighting_issue,5,2026-04-08
-26.21253873853735,28.040175600826498,dangerous_area,1,2026-02-18
-26.187414008428576,28.0476308013856,dangerous_area,4,2026-04-03
-26.19968637414199,28.005366118191073,lighting_issue,2,2025-09-06
-26.164351015881167,28.05999683763193,dangerous_area,0,2025-08-18
-26.184130636838105,28.016792447447646,unsafe_condition,0,2025-09-26
-26.233706557291857,28.071844343155256,safe_area,3,2025-09-26
-26.242943125259956,28.01641117123856,dangerous_area,1,2026-01-04
-26.185758072179368,28.015255017653093,unsafe_condition,3,2026-05-30
-26.24734886894584,28.002923973427848,suspicious_activity,2,2025-12-09
-26.191422441872653,28.037765355608798,unsafe_condition,3,2025-07-20
-26.155976975857502,28.04518729066101,safe_area,5,2026-04-16
-26.19245258221241,28.00525669115427,unsafe_condition,0,2026-01-08
-26.211183007379347,28.0620422093356,lighting_issue,0,2025-12-09
-26.185671178155765,28.036263106779842,safe_area,4,2026-01-10
-26.20417471095085,28.041951221546206,suspicious_activity,4,2025-10-21
-26.195438321068405,28.03526101975506,lighting_issue,2,2025-12-03
-26.155853519122346,28.032061044870026,unsafe_condition,5,2025-10-05
-26.21138973621992,28.044771226504658,safe_area,1,2026-03-01
-26.153880943617608,28.012419219674456,suspicious_activity,3,2026-05-27
-26.159464935804394,28.01455425043962,lighting_issue,2,2025-07-01
-26.23042088652107,28.06894284968108,suspicious_activity,4,2026-04-26
-26.243063869912483,28.07568923697069,unsafe_condition,3,2025-07-03
-26.239922199862256,28.02986474530238,suspicious_activity,4,2025-06-02
-26.248177817434843,28.021659573851483,dangerous_area,3,2026-02-18
-26.240555703924407,28.05151996345912,lighting_issue,1,2025-06-18
-26.181699322658364,28.032698733687848,suspicious_activity,2,2026-01-10
-26.242881135153976,28.002030908452827,unsafe_condition,3,2026-02-05
-26.218102436970625,28.012492207789293,unsafe_condition,5,2025-11-30
-26.165512468903053,28.05727777830779,suspicious_activity,0,2025-10-20
-26.24767280642642,28.05271391535281,unsafe_condition,5,2025-06-29
-26.168553151741104,28.00216767940028,safe_area,5,2026-04-18
-26.22181452252266,28.017757772954635,safe_area,0,2026-05-25
-26.238183517237836,28.018485983727047,safe_area,5,2026-04-25
-26.180326283463582,28.0537514194879,dangerous_area,3,2025-08-10
-26.187105715322012,28.00157684302035,suspicious_activity,3,2026-05-10
-26.162252798647295,28.008328686558766,dangerous_area,3,2025-11-07
-26.17649289561961,28.063993286829852,unsafe_condition,0,2026-03-12
-26.169651906961516,28.014283572964345,dangerous_area,5,2026-02-02
-26.22179654274287,28.05221968862815,unsafe_condition,0,2026-03-30
-26.232256045622027,28.019054622483736,unsafe_condition,3,2025-11-10
-26.174938524835913,28.007955311420748,lighting_issue,5,2026-02-18
-26.169316526073274,28.019453775279956,safe_area,5,2025-12-02
-26.15094948579993,28.057781354548453,unsafe_condition,4,2026-01-16
-26.208738232308857,28.0684557174485,lighting_issue,4,2025-08-29
-26.21279819142072,28.066417589165358,safe_area,1,2026-01-04
-26.1723587039258,28.031774682369477,unsafe_condition,2,2025-06-07
-26.215919645974697,28.05344681092565,unsafe_condition,4,2025-06-03
-26.156924267439642,28.016398743633264,dangerous_area,0,2026-04-13
-26.164158724815696,28.02345181842088,dangerous_area,4,2026-01-23
-26.207100597262496,28.071706865481687,safe_area,1,2025-06-14
-26.17491289322085,28.001040153880858,unsafe_condition,5,2025-11-24
-26.17454571259153,28.006840682468358,suspicious_activity,1,2025-06-22
-26.239687613116406,28.01663090041168,dangerous_area,5,2025-12-11
-26.159744709332042,28.002122576309905,safe_area,5,2025-11-15
-26.199474762755212,28.014514834807184,unsafe_condition,2,2025-07-17
-26.167354253389224,28.046643324877575,unsafe_condition,4,2026-01-02
-26.217995039896937,28.0337139640474,suspicious_activity,0,2025-08-29
-26.16044767715038,28.071413736886157,safe_area,0,2026-05-26
-26.211079832126583,28.065395484939074,unsafe_condition,3,2026-04-24
-26.24891623485197,28.027345388135828,dangerous_area,5,2025-06-11
-26.159461802358074,28.020753874674504,suspicious_activity,0,2026-01-10
-26.240871332321387,28.03037539265338,safe_area,2,2025-08-01
-26.218068636240957,28.047223595401185,suspicious_activity,5,2026-01-01
-26.154993803294918,28.02144509126583,dangerous_area,2,2025-12-14
-26.15493928530624,28.04993191262793,safe_area,0,2026-04-11
-26.19265621118767,28.0327529321753,suspicious_activity,0,2025-07-16
-26.18681627878302,28.044163774468156,lighting_issue,3,2025-08-25
-26.205155447802166,28.034890122330825,dangerous_area,0,2026-04-22
-26.220678922830192,28.023557260763354,dangerous_area,5,2025-08-27
-26.217133545463007,28.07587626455697,dangerous_area,5,2026-05-26
-26.182748154392296,28.06108846353278,lighting_issue,5,2026-01-13
-26.174762547056233,28.011209054061315,lighting_issue,3,2025-08-19
-26.170842095627414,28.069477438071832,unsafe_condition,3,2026-01-25
-26.171038185720544,28.03899449585996,suspicious_activity,0,2026-04-20
-26.24087938969513,28.071564178151526,unsafe_condition,1,2026-05-17
-26.20055796952974,28.063988420475784,suspicious_activity,1,2025-09-16
-26.244244123998335,28.03401708035754,lighting_issue,3,2025-09-05
-26.195047111767625,28.00179754466561,lighting_issue,0,2026-04-04
-26.20584694986266,28.021494188750797,unsafe_condition,1,2026-03-06
-26.161229581724168,28.04333073717287,safe_area,0,2025-10-01
-26.21490849874479,28.050678257586092,unsafe_condition,0,2025-10-20
-26.238293298357238,28.020631014834656,suspicious_activity,0,2026-05-23
-26.235700831794716,28.011148485925826,unsafe_condition,4,2025-07-22
-26.17384893682825,28.066794418943942,dangerous_area,5,2025-07-11
-26.188178193668374,28.078752174456284,suspicious_activity,0,2026-01-19
-26.23988773238772,28.042055214584213,suspicious_activity,4,2025-07-23
-26.2415893193885,28.013734342867863,safe_area,3,2025-11-11
-26.179903086854086,28.021784586121548,lighting_issue,1,2026-03-25
-26.24272369936358,28.001471254123796,suspicious_activity,5,2025-07-04
-26.167813994070965,28.073143904524837,lighting_issue,1,2025-08-03
-26.17937577728435,28.009420086631213,unsafe_condition,5,2025-07-13
-26.24186512193581,28.046121318041138,dangerous_area,1,2025-08-29
-26.24151622859148,28.021924417654976,safe_area,5,2025-06-07
-26.151336042149882,28.044334240201263,lighting_issue,1,2025-06-22
-26.21257292042439,28.05211363106815,suspicious_activity,1,2025-06-05
-26.21293578529331,28.066379344296575,lighting_issue,1,2025-12-02
-26.16872004327425,28.01651370174085,suspicious_activity,1,2025-07-25
-26.155275142261612,28.00087966629268,lighting_issue,3,2026-05-23
-26.15139989361771,28.010950850405504,suspicious_activity,0,2026-02-11
-26.174662181474105,28.072001491347848,unsafe_condition,2,2026-02-05
-26.212374041446907,28.069911206205,suspicious_activity,4,2026-01-18
-26.241649928330133,28.047793048173624,suspicious_activity,2,2026-03-31
-26.172285308407254,28.04804134883469,dangerous_area,2,2026-05-07
-26.19415957502642,28.0532029339637,suspicious_activity,5,2025-10-22
-26.207577799075302,28.014029702289875,dangerous_area,0,2025-09-01
-26.159364561490523,28.073152955673994,safe_area,5,2026-04-07
-26.238880251769384,28.033501641991364,dangerous_area,0,2025-10-06
-26.200737489570912,28.030651082259958,unsafe_condition,0,2025-07-08
-26.248864635523258,28.041513416422625,dangerous_area,1,2026-04-24
-26.203133935800587,28.003757277342004,safe_area,3,2026-04-14
-26.244369672431816,28.013302669500487,unsafe_condition,1,2025-07-05
-26.238118208373194,28.059042689314108,lighting_issue,3,2026-05-17
-26.23824737532229,28.00662389343401,lighting_issue,5,2026-01-24
-26.185078969788393,28.04825216875731,dangerous_area,3,2025-09-20
-26.175395512073457,28.019627928774504,dangerous_area,5,2025-06-18
-26.191663123490283,28.031143649123358,safe_area,2,2026-01-24
-26.153782745152544,28.023095498941654,safe_area,2,2026-04-21
-26.212512942047628,28.028453817317196,suspicious_activity,3,2025-06-17
-26.221428791371814,28.05752367241474,safe_area,3,2026-04-13
-26.163140087181052,28.023769737249854,suspicious_activity,5,2025-12-29
-26.227640416148056,28.04531237122375,unsafe_condition,1,2025-11-18
-26.153677746055937,28.038084032175927,dangerous_area,5,2025-09-12
-26.248784552531017,28.053093693229012,unsafe_condition,1,2025-07-20
-26.153012117329236,28.074946379145977,safe_area,2,2026-01-28
-26.245684008804943,28.058605767776818,unsafe_condition,0,2025-06-22
-26.16088568863019,28.01719523028726,unsafe_condition,3,2025-08-14
-26.197229889091368,28.002494650804902,unsafe_condition,1,2025-11-04
-26.150703520388067,28.020981123543987,safe_area,5,2026-01-24
-26.24262034352646,28.04760623445602,unsafe_condition,2,2025-12-29
-26.194614571559867,28.00411406507874,suspicious_activity,1,2025-06-16
-26.15306974643809,28.0397092997761,safe_area,5,2026-04-16
-26.197690215582984,28.04774742791335,unsafe_condition,3,2026-03-08
-26.187060136186474,28.026739511265355,safe_area,3,2025-08-01
-26.180425131101536,28.061672976299665,lighting_issue,4,2026-02-24
-26.20454589352322,28.0085278602507,suspicious_activity,0,2025-12-02
-26.187244191991592,28.006011022538864,unsafe_condition,4,2025-07-02
-26.19156856880769,28.058255100496286,lighting_issue,2,2025-09-13
-26.1598841989509,28.039639305296497,lighting_issue,1,2026-05-23
-26.245455361965853,28.055072191714217,safe_area,2,2026-06-01
-26.221903681040775,28.034786187088297,lighting_issue,5,2025-12-17
-26.154958851592344,28.01971216265913,suspicious_activity,3,2025-08-27
-26.160973621610907,28.065528185413935,suspicious_activity,4,2025-08-15
-26.20443432472143,28.063953270317516,dangerous_area,4,2025-07-27
-26.187986740219845,28.055575717668354,suspicious_activity,4,2025-11-30
-26.222261881701886,28.021771610978398,lighting_issue,2,2026-05-11
-26.231187884027623,28.047218453349526,suspicious_activity,3,2025-11-08
-26.203630159506,28.028877911755202,safe_area,1,2025-10-04
-26.214664777197395,28.00732656586613,dangerous_area,5,2026-03-26
-26.19163438881491,28.07338508603698,lighting_issue,1,2025-07-17
-26.2422265363035,28.010945490473517,dangerous_area,2,2026-05-20
-26.152560519233383,28.076018988305663,lighting_issue,5,2026-05-17
-26.151378925552038,28.035680461836634,safe_area,4,2026-03-05
