latitude,longitude,crime_type,severity,timestamp,area_name
-26.212545988115263,28.01481063430709,burglary,high,2025-05-21,Johannesburg CBD
-26.154928569359008,28.043352075790267,theft,medium,2025-08-24,Johannesburg CBD
-26.17680060581886,28.069835666870112,burglary,high,2026-03-28,Johannesburg CBD
-26.190134151580295,28.058577990912763,carjacking,high,2025-02-16,Johannesburg CBD
-26.234398135955757,28.064524891828913,assault,medium,2025-03-25,Johannesburg CBD
-26.23440054796638,28.052702669336856,carjacking,low,2025-08-05,Johannesburg CBD
-26.24419163878318,28.055382125161426,assault,high,2025-04-03,Johannesburg CBD
-26.163382385422505,28.067935652125225,robbery,high,2026-05-14,Johannesburg CBD
-26.189888498825677,28.019973440708736,murder,medium,2026-02-15,Johannesburg CBD
-26.179192742220394,28.03915399709145,carjacking,high,2025-01-19,Johannesburg CBD
-26.24794155057042,28.01769675534557,burglary,medium,2025-06-26,Johannesburg CBD
-26.153009014783798,28.07901344063973,robbery,high,2025-08-29,Johannesburg CBD
-26.166755735919956,28.075524747174928,murder,low,2025-09-17,Johannesburg CBD
-26.228766088932172,28.00315414490948,burglary,high,2025-11-16,Johannesburg CBD
-26.231817503279288,28.056446013801253,theft,medium,2025-07-28,Johannesburg CBD
-26.231659549014655,28.07401986539325,burglary,medium,2025-10-18,Johannesburg CBD
-26.219575775704048,28.014446027610187,assault,low,2025-05-17,Johannesburg CBD
-26.197524356836777,28.04543561844421,assault,low,2025-03-04,Johannesburg CBD
-26.206805498135786,28.07323906380704,theft,medium,2025-02-26,Johannesburg CBD
-26.220877085980195,28.002715678286865,robbery,medium,2025-11-22,Johannesburg CBD
-26.18881471052776,28.055793621379745,murder,high,2026-01-23,Johannesburg CBD
-26.236050613934797,28.023787920589804,burglary,low,2026-01-14,Johannesburg CBD
-26.22078553514648,28.07395169563012,assault,medium,2025-12-18,Johannesburg CBD
-26.21336381567063,28.07768465961323,robbery,medium,2025-01-01,Johannesburg CBD
-26.204393001578296,28.075541319129073,theft,low,2025-03-15,Johannesburg CBD
-26.171482403860697,28.037937137332598,carjacking,low,2025-09-17,Johannesburg CBD
-26.230032621784165,28.068963412079142,assault,medium,2025-10-28,Johannesburg CBD
-26.19857655615864,28.067563951882804,theft,medium,2025-05-12,Johannesburg CBD
-26.190758543113795,28.02552803785946,burglary,medium,2025-09-26,Johannesburg CBD
-26.245354958728,28.066313237932054,murder,medium,2025-04-08,Johannesburg CBD
-26.189245514809855,28.00296061077724,assault,medium,2025-11-19,Johannesburg CBD
-26.23294758763127,28.047701590278564,assault,low,2025-09-01,Johannesburg CBD
-26.243494840701473,28.018400706983016,burglary,medium,2025-02-01,Johannesburg CBD
-26.155111446274667,28.009645350862183,carjacking,critical,2025-05-23,Johannesburg CBD
-26.153436796692542,28.006156256130335,robbery,medium,2026-02-01,Johannesburg CBD
-26.169160265188353,28.05570310207025,murder,high,2026-01-16,Johannesburg CBD
-26.219538623082663,28.027189997101445,assault,medium,2025-03-16,Johannesburg CBD
-26.24023278859936,28.0579813417223,murder,high,2025-01-25,Johannesburg CBD
-26.181576697348785,28.005228507263915,assault,high,2025-11-15,Johannesburg CBD
-26.20598475062604,28.025223227026448,murder,medium,2025-05-19,Johannesburg CBD
-26.237796176515523,28.043159303390027,theft,critical,2025-02-10,Johannesburg CBD
-26.20048230898887,28.063257853187114,assault,low,2025-09-20,Johannesburg CBD
-26.246561147888478,28.025500200234564,murder,low,2025-07-25,Johannesburg CBD
-26.15906795979212,28.05007131011496,robbery,high,2026-03-09,Johannesburg CBD
-26.224122001839998,28.070878219858894,theft,high,2025-12-13,Johannesburg CBD
-26.1837477715646,28.049269055054584,theft,low,2025-02-14,Johannesburg CBD
-26.21882889239106,28.01863675798029,robbery,medium,2026-02-23,Johannesburg CBD
-26.19799319788222,28.001952062524524,murder,low,2025-08-03,Johannesburg CBD
-26.19532897206567,28.069607909912072,burglary,medium,2025-04-08,Johannesburg CBD
-26.231514554447447,28.00170155286803,robbery,high,2026-04-11,Johannesburg CBD
-26.153041537223544,28.069976133814734,murder,medium,2026-03-25,Johannesburg CBD
-26.172486717663887,28.042314970722177,robbery,medium,2026-03-19,Johannesburg CBD
-26.15605010584358,28.07512541588103,robbery,medium,2026-02-21,Johannesburg CBD
-26.160517264957235,28.063902658861892,assault,low,2026-01-19,Johannesburg CBD
-26.190210002118892,28.079834728842666,murder,medium,2025-06-16,Johannesburg CBD
-26.157812576497687,28.028056945236138,burglary,high,2025-09-15,Johannesburg CBD
-26.24115074979481,28.06137506311449,assault,critical,2025-04-11,Johannesburg CBD
-26.230401713758084,28.032154473088738,robbery,high,2025-01-10,Johannesburg CBD
-26.245477271108946,28.03839004962431,carjacking,low,2025-01-12,Johannesburg CBD
-26.217466966923674,28.05020043705747,robbery,high,2025-12-18,Johannesburg CBD
-26.21113227103105,28.069894169134905,robbery,high,2025-04-17,Johannesburg CBD
-26.22286509682261,28.078726677535943,murder,high,2026-02-23,Johannesburg CBD
-26.167126249084806,28.06146187310916,murder,medium,2026-05-14,Johannesburg CBD
-26.21432466733064,28.033421342573387,assault,medium,2025-08-12,Johannesburg CBD
-26.22190654903126,28.033708560182166,burglary,medium,2026-02-09,Johannesburg CBD
-26.195730391684176,28.05900658412711,assault,low,2025-08-18,Johannesburg CBD
-26.235907577502523,28.019102171661462,theft,medium,2026-01-17,Johannesburg CBD
-26.169780301924593,28.00883792905051,robbery,medium,2025-03-03,Johannesburg CBD
-26.242544935632022,28.02836977261126,carjacking,medium,2025-11-25,Johannesburg CBD
-26.151311306339945,28.022979119332327,robbery,high,2026-02-26,Johannesburg CBD
-26.17277552307033,28.02370464963648,robbery,medium,2025-02-19,Johannesburg CBD
-26.230128431846584,28.018688620083992,assault,low,2026-03-03,Johannesburg CBD
-26.24944778828764,28.00336745517091,carjacking,critical,2025-02-09,Johannesburg CBD
-26.168453857154514,28.001429914778672,carjacking,critical,2025-12-14,Johannesburg CBD
-26.179314265615236,28.07901779117888,carjacking,high,2025-08-22,Johannesburg CBD
-26.1770992831959,28.034221850698867,assault,critical,2026-03-02,Johannesburg CBD
-26.172872965331404,28.030746131772773,robbery,medium,2025-10-19,Johannesburg CBD
-26.24259553482659,28.054371782615444,assault,critical,2025-06-16,Johannesburg CBD
-26.214153427145572,28.017460311029204,murder,low,2025-10-29,Johannesburg CBD
-26.238413094047488,28.075996894716017,murder,medium,2026-02-03,Johannesburg CBD
-26.16368965741244,28.062907601153242,assault,medium,2026-05-02,Johannesburg CBD
-26.187670187317245,28.007152880184982,carjacking,low,2025-09-07,Johannesburg CBD
-26.216910197514736,28.033406462062793,robbery,low,2026-03-15,Johannesburg CBD
-26.243644164971396,28.07032946460497,assault,high,2026-01-01,Johannesburg CBD
-26.218901767828434,28.07557856178331,assault,high,2025-01-03,Johannesburg CBD
-26.217481667797326,28.037392120899987,assault,medium,2025-04-07,Johannesburg CBD
-26.177039382166193,28.049072911136857,theft,low,2025-08-07,Johannesburg CBD
-26.186244252864476,28.013362715687364,murder,high,2025-12-01,Johannesburg CBD
-26.161278725742367,28.079293490090958,carjacking,high,2025-04-11,Johannesburg CBD
-26.202778507483803,28.018533736110676,burglary,medium,2026-05-10,Johannesburg CBD
-26.23804057540617,28.07541854193081,carjacking,high,2025-08-03,Johannesburg CBD
-26.1786755212777,28.051971731919387,burglary,medium,2025-05-08,Johannesburg CBD
-26.17392149513831,28.04861894359031,theft,medium,2025-12-02,Johannesburg CBD
-26.19387228024305,28.04101508088132,assault,critical,2025-08-05,Johannesburg CBD
-26.172903282004544,28.01845358493742,theft,medium,2025-08-27,Johannesburg CBD
-26.20062044036356,28.01412224256044,theft,medium,2025-08-31,Johannesburg CBD
-26.1977267170618,28.017638896725614,robbery,high,2025-12-15,Johannesburg CBD
-26.207245898164146,28.01491506097154,murder,high,2025-06-19,Johannesburg CBD
-26.24745808732559,28.06236675788534,burglary,low,2025-07-02,Johannesburg CBD
-26.23921085730067,28.028010020733337,assault,low,2025-09-04,Johannesburg CBD
-26.246857081431326,28.00462741412507,burglary,low,2026-04-05,Johannesburg CBD
-26.186358958873623,28.077528210411263,carjacking,high,2025-05-14,Johannesburg CBD
-26.218564401892365,28.070702870797074,burglary,medium,2025-03-05,Johannesburg CBD
-26.19914293088353,28.074220182655615,carjacking,low,2025-10-04,Johannesburg CBD
-26.15924335260739,28.079592625811713,murder,critical,2026-05-15,Johannesburg CBD
-26.22507077708511,28.01391161993756,carjacking,medium,2026-03-10,Johannesburg CBD
-26.208961707696435,28.031699361512214,burglary,medium,2025-10-16,Johannesburg CBD
-26.174444886145693,28.060659078056325,burglary,medium,2025-01-03,Johannesburg CBD
-26.227120183450836,28.055681649444303,carjacking,high,2025-10-08,Johannesburg CBD
-26.24230200901712,28.012311672507188,theft,low,2025-11-18,Johannesburg CBD
-26.221024854708624,28.06526664999925,murder,medium,2025-08-17,Johannesburg CBD
-26.2338778712746,28.017955245746933,robbery,high,2025-05-24,Johannesburg CBD
-26.15703023476574,28.017905409185808,assault,medium,2025-11-01,Johannesburg CBD
-26.16918796204356,28.042957953831472,burglary,medium,2025-05-11,Johannesburg CBD
-26.186659624348955,28.047435194787337,assault,medium,2025-01-08,Johannesburg CBD
-26.162853940981226,28.046406896627023,robbery,low,2025-04-14,Johannesburg CBD
-26.169632792310086,28.00731894699182,assault,low,2025-02-12,Johannesburg CBD
-26.231342994111397,28.070196869010427,robbery,medium,2025-01-13,Johannesburg CBD
-26.160744100151,28.021248003407095,carjacking,medium,2025-12-05,Johannesburg CBD
-26.196065775808435,28.010361193702625,theft,low,2025-07-15,Johannesburg CBD
-26.16925598448359,28.071099846389515,burglary,high,2025-01-09,Johannesburg CBD
-26.16039087000765,28.076452119858377,robbery,critical,2026-04-17,Johannesburg CBD
-26.218199652502815,28.068970209381234,assault,high,2026-01-16,Johannesburg CBD
-26.238994807547233,28.06476128597799,burglary,high,2026-01-03,Johannesburg CBD
-26.227206483745807,28.05241935845112,theft,medium,2025-06-04,Johannesburg CBD
-26.207289221137373,28.04406858964873,carjacking,critical,2025-04-04,Johannesburg CBD
-26.16819852340775,28.006958940792913,burglary,low,2025-11-25,Johannesburg CBD
-26.163926941674365,28.032676257045654,robbery,critical,2025-01-12,Johannesburg CBD
-26.24930478694688,28.029815081360983,theft,critical,2025-10-25,Johannesburg CBD
-26.198925269742244,28.020780302700825,assault,high,2025-09-09,Johannesburg CBD
-26.20825889968512,28.057873609095086,theft,critical,2025-06-28,Johannesburg CBD
-26.22778921895293,28.0396700588063,theft,medium,2026-05-01,Johannesburg CBD
-26.238013463266633,28.00648369727261,murder,medium,2025-09-01,Johannesburg CBD
-26.216238482859637,28.017614656155985,theft,medium,2025-07-09,Johannesburg CBD
-26.155709029608747,28.054660701092768,theft,medium,2025-12-01,Johannesburg CBD
-26.217679706797924,28.006090468759226,burglary,low,2026-01-12,Johannesburg CBD
-26.198120937825664,28.0680965531239,assault,high,2025-03-30,Johannesburg CBD
-26.179698104110482,28.039611722161116,burglary,critical,2025-02-15,Johannesburg CBD
-26.21363703976207,28.038446926186133,burglary,low,2026-02-12,Johannesburg CBD
-26.152821791727902,28.04739262277276,robbery,high,2026-01-27,Johannesburg CBD
-26.153755270505787,28.06597447727401,burglary,critical,2025-01-04,Johannesburg CBD
-26.224821770417464,28.027824736632176,murder,critical,2025-04-24,Johannesburg CBD
-26.20027514941076,28.054241292204726,murder,critical,2026-01-24,Johannesburg CBD
-26.219912169018322,28.045258557119663,robbery,medium,2025-06-21,Johannesburg CBD
-26.221515950562253,28.021362261613554,carjacking,critical,2025-06-29,Johannesburg CBD
-26.24631130526455,28.070290398908412,assault,high,2025-07-01,Johannesburg CBD
-26.18904356660201,28.063794081728552,assault,low,2026-02-18,Johannesburg CBD
-26.199732097677114,28.052676146772672,burglary,medium,2025-09-04,Johannesburg CBD
-26.244852124875003,28.068046538327536,burglary,high,2025-01-10,Johannesburg CBD
-26.222135353576338,28.06938353607678,carjacking,medium,2025-04-20,Johannesburg CBD
-26.159173411403334,28.0566690381372,burglary,high,2025-11-23,Johannesburg CBD
-26.2260438109333,28.06696106626909,assault,high,2025-09-26,Johannesburg CBD
-26.235510512790878,28.05579771693354,theft,low,2026-01-07,Johannesburg CBD
-26.20105472397224,28.054411261740825,murder,medium,2025-04-05,Johannesburg CBD
-26.15143495458894,28.049488910257214,theft,high,2025-09-08,Johannesburg CBD
-26.22579447284885,28.06021733116461,theft,medium,2025-05-19,Johannesburg CBD
-26.18278644525941,28.012688408423447,assault,low,2025-08-01,Johannesburg CBD
-26.173838038467128,28.070469660735913,theft,low,2025-10-05,Johannesburg CBD
-26.22623624560076,28.06974748221962,carjacking,medium,2025-10-22,Johannesburg CBD
-26.17717836513881,28.002339782642764,robbery,critical,2025-12-13,Johannesburg CBD
-26.213221686728073,28.066065340045178,burglary,medium,2025-07-07,Johannesburg CBD
-26.186769416940642,28.010309589397874,robbery,high,2025-03-21,Johannesburg CBD
-26.18664702892391,28.02680950834073,murder,medium,2025-07-01,Johannesburg CBD
-26.196422531592525,28.05948066050333,burglary,medium,2025-08-05,Johannesburg CBD
-26.240971022994557,28.012860791683863,theft,high,2025-04-09,Johannesburg CBD
-26.166469750441074,28.065437361929522,murder,high,2025-01-30,Johannesburg CBD
-26.217921993502827,28.066570734236617,burglary,low,2025-02-12,Johannesburg CBD
-26.231348148960013,28.040597418700866,carjacking,medium,2025-04-02,Johannesburg CBD
-26.245922485844524,28.000510869737347,carjacking,low,2025-08-14,Johannesburg CBD
-26.190910705681176,28.022963050653992,carjacking,medium,2025-05-27,Johannesburg CBD
-26.18224356381577,28.04935415347006,carjacking,high,2025-12-10,Johannesburg CBD
-26.248341217107214,28.07849489424219,theft,low,2025-06-26,Johannesburg CBD
-26.19879069417007,28.05054508216133,robbery,medium,2025-04-20,Johannesburg CBD
-26.227350422480207,28.02078428648513,burglary,medium,2025-02-26,Johannesburg CBD
-26.185482720959055,28.05072045624797,theft,critical,2025-06-11,Johannesburg CBD
-26.2325633570995,28.043198830377268,carjacking,critical,2026-02-12,Johannesburg CBD
-26.18090622618975,28.06238763161209,robbery,low,2025-09-17,Johannesburg CBD
-26.211326465369947,28.008558451106158,murder,high,2025-07-13,Johannesburg CBD
-26.156327001126325,28.06088223220016,murder,medium,2026-03-07,Johannesburg CBD
-26.2362479055854,28.04330132629409,murder,medium,2025-08-12,Johannesburg CBD
-26.215893364894974,28.077039360308717,carjacking,high,2026-04-05,Johannesburg CBD
-26.23865264787594,28.027349773283095,murder,critical,2025-05-27,Johannesburg CBD
-26.157530638172144,28.050609751450715,assault,critical,2026-05-16,Johannesburg CBD
-26.1622660646619,28.0745622484408,burglary,medium,2025-05-16,Johannesburg CBD
-26.224205837228485,28.008200778239253,burglary,medium,2026-04-28,Johannesburg CBD
-26.18400159539658,28.074978278978914,carjacking,high,2025-03-28,Johannesburg CBD
-26.168277779979878,28.055030857784065,assault,medium,2025-05-25,Johannesburg CBD
-26.194479918840052,28.005426964728414,theft,medium,2026-01-30,Johannesburg CBD
-26.1970349421644,28.024077085355746,theft,medium,2025-11-29,Johannesburg CBD
-26.225814770909956,28.05665376709162,murder,high,2025-07-07,Johannesburg CBD
-26.24068972321941,28.005388048117503,robbery,medium,2025-09-29,Johannesburg CBD
-26.160278424204666,28.046573636814102,theft,low,2026-03-11,Johannesburg CBD
-26.159958194283664,28.027670644556235,robbery,critical,2026-04-13,Johannesburg CBD
-26.18668985427267,28.0496732414214,burglary,low,2025-05-31,Johannesburg CBD
-26.21609702089513,28.003659362705,robbery,medium,2025-11-10,Johannesburg CBD
-26.215079042538733,28.069722944492188,burglary,medium,2025-04-05,Johannesburg CBD
-26.177404432112976,28.07787911753419,assault,low,2026-04-15,Johannesburg CBD
-26.16028897400474,28.077510228422852,assault,low,2026-03-04,Johannesburg CBD
-26.161291357573486,28.059972146539433,carjacking,low,2025-11-16,Johannesburg CBD
-26.172012445414236,28.01040689921045,carjacking,high,2026-03-03,Johannesburg CBD
-26.185796835384572,28.06066105567432,murder,medium,2025-11-11,Johannesburg CBD
-26.241586003500494,28.001966953316703,theft,critical,2026-02-16,Johannesburg CBD
-26.233837128590537,28.00176988412232,murder,medium,2025-02-05,Johannesburg CBD
-26.16014458114729,28.025888817531964,burglary,medium,2025-03-16,Johannesburg CBD
-26.18935709403404,28.039091455232374,murder,medium,2025-02-28,Johannesburg CBD
-26.249080294838336,28.061632593424623,robbery,medium,2026-05-16,Johannesburg CBD
-26.239852845713397,28.05466363012852,burglary,high,2025-01-12,Johannesburg CBD
-26.183649823089194,28.03567221651014,carjacking,medium,2025-05-03,Johannesburg CBD
-26.24949384161538,28.021890133302534,assault,medium,2025-04-21,Johannesburg CBD
-26.23391919485825,28.079769960012616,carjacking,high,2025-08-27,Johannesburg CBD
-26.19512662106334,28.034094504178878,theft,critical,2025-02-06,Johannesburg CBD
-26.18081048023073,28.036110961946374,burglary,high,2025-06-21,Johannesburg CBD
-26.184803874049738,28.013089905695335,burglary,medium,2026-05-08,Johannesburg CBD
-26.227573069053943,28.063584763899993,robbery,high,2026-04-26,Johannesburg CBD
-26.178782077865247,28.05549457806252,theft,medium,2025-03-01,Johannesburg CBD
-26.22627509125032,28.0176615690231,assault,medium,2025-05-05,Johannesburg CBD
-26.21746003018407,28.006590483649266,burglary,medium,2026-02-09,Johannesburg CBD
-26.175350859488198,28.054439944165974,burglary,medium,2025-04-14,Johannesburg CBD
-26.18503671009528,28.05236089714249,robbery,low,2025-11-04,Johannesburg CBD
-26.16507765895058,28.021860762159857,murder,medium,2025-05-15,Johannesburg CBD
-26.184238710769964,28.07606908498003,assault,high,2025-08-29,Johannesburg CBD
-26.193169139666452,28.01208463134247,carjacking,medium,2025-06-02,Johannesburg CBD
-26.24063252321719,28.03458678408341,theft,low,2025-04-20,Johannesburg CBD
-26.213228419694055,28.075489273613407,burglary,low,2025-09-16,Johannesburg CBD
-26.223479763231826,28.033578185354088,burglary,critical,2025-04-13,Johannesburg CBD
-26.22560103566209,28.051082075813127,carjacking,medium,2025-06-02,Johannesburg CBD
-26.152698944524754,28.031807551837023,assault,medium,2025-04-16,Johannesburg CBD
-26.210690227533323,28.021937216187894,murder,high,2025-04-13,Johannesburg CBD
-26.16079534448229,28.078718211836783,burglary,high,2026-04-27,Johannesburg CBD
-26.186886137400272,28.0327467205052,assault,medium,2026-05-02,Johannesburg CBD
-26.170518869645836,28.07152793629433,carjacking,high,2025-09-28,Johannesburg CBD
-26.19973629068948,28.018396368471286,robbery,high,2025-05-08,Johannesburg CBD
-26.192309611537365,28.017048376322006,murder,high,2025-08-17,Johannesburg CBD
-26.200748230618114,28.00249072663076,theft,low,2025-08-15,Johannesburg CBD
-26.230475701220197,28.052133346030068,burglary,high,2026-05-15,Johannesburg CBD
-26.177754788473848,28.029482107497902,assault,medium,2025-04-14,Johannesburg CBD
-26.221922763755913,28.06914865998717,robbery,medium,2025-10-14,Johannesburg CBD
-26.247568403356855,28.037856792535322,theft,medium,2025-01-10,Johannesburg CBD
-26.18545277040928,28.077455474233176,assault,low,2025-07-13,Johannesburg CBD
-26.232288932059294,28.014842041256248,assault,low,2026-05-08,Johannesburg CBD
-26.155954141564706,28.069489853436448,theft,high,2026-01-11,Johannesburg CBD
-26.15460714229974,28.06212774822334,robbery,low,2025-06-19,Johannesburg CBD
-26.158513560977955,28.061673747571522,carjacking,medium,2025-02-16,Johannesburg CBD
-26.212984129974455,28.06758265824935,robbery,medium,2025-08-24,Johannesburg CBD
-26.248454338347113,28.060881919275438,murder,low,2025-09-06,Johannesburg CBD
-26.157168143741227,28.050097625730512,burglary,critical,2025-10-05,Johannesburg CBD
-26.207181585168268,28.01049959021459,theft,medium,2026-02-06,Johannesburg CBD
-26.153334518095633,28.0026020943593,carjacking,medium,2025-01-22,Johannesburg CBD
-26.153638002291075,28.073667827825254,theft,medium,2026-03-03,Johannesburg CBD
-26.164699054453262,28.049332025161657,theft,medium,2025-05-29,Johannesburg CBD
-26.22055511079304,28.063722983278094,robbery,low,2026-04-30,Johannesburg CBD
-26.21149022713981,28.038521788121002,burglary,high,2026-04-22,Johannesburg CBD
-26.16488633284831,28.009384655116992,murder,critical,2025-02-14,Johannesburg CBD
-26.21830779948437,28.010014863376202,assault,medium,2025-02-25,Johannesburg CBD
-26.233050725331392,28.054845222978315,assault,high,2026-05-01,Johannesburg CBD
-26.194319873754164,28.034424471591958,theft,high,2025-06-20,Johannesburg CBD
-26.15638452258392,28.016041978136027,burglary,high,2025-09-07,Johannesburg CBD
-26.180397020332503,28.039327563739313,carjacking,medium,2025-10-02,Johannesburg CBD
-26.19299388299106,28.00513671496601,robbery,medium,2025-02-22,Johannesburg CBD
-26.240282350622923,28.046557712153152,burglary,medium,2025-04-28,Johannesburg CBD
-26.18849927733008,28.021519472354807,burglary,high,2025-09-07,Johannesburg CBD
-26.15099461498957,28.063804728050975,robbery,high,2025-09-23,Johannesburg CBD
-26.235991598476346,28.024828956713886,theft,low,2025-01-29,Johannesburg CBD
-26.198167034763625,28.03641761192654,burglary,medium,2026-01-30,Johannesburg CBD
-26.162262692807204,28.00092964319265,assault,critical,2026-03-03,Johannesburg CBD
-26.17592313822458,28.005795751023566,robbery,high,2025-06-11,Johannesburg CBD
-26.18029842590047,28.031399484512534,carjacking,critical,2025-08-01,Johannesburg CBD
-26.17975159160129,28.03839510677737,murder,high,2025-12-07,Johannesburg CBD
-26.214050884878024,28.048001643849542,theft,medium,2026-02-15,Johannesburg CBD
-26.22064081557355,28.023333006296745,robbery,medium,2025-11-29,Johannesburg CBD
-26.169063884452147,28.05559855089012,murder,high,2025-06-21,Johannesburg CBD
-26.16898866053208,28.068809791775134,murder,low,2026-03-31,Johannesburg CBD
-26.16329276814199,28.062388079111468,carjacking,medium,2025-11-19,Johannesburg CBD
-26.158675944744353,28.00316950602787,burglary,high,2025-09-29,Johannesburg CBD
-26.198865760113904,28.038440555780625,carjacking,low,2025-05-03,Johannesburg CBD
-26.199848370531278,28.008394414273454,burglary,high,2025-01-12,Johannesburg CBD
-26.17017048210332,28.019363601269003,burglary,medium,2025-10-07,Johannesburg CBD
-26.185003606922223,28.07893300746137,robbery,critical,2026-03-06,Johannesburg CBD
-26.179803312274228,28.01139964343212,robbery,low,2025-11-17,Johannesburg CBD
-26.17042073305639,28.039911052276107,theft,medium,2026-01-04,Johannesburg CBD
-26.160999465818243,28.04945245874545,burglary,high,2025-12-23,Johannesburg CBD
-26.216200484314847,28.056197197643527,murder,medium,2025-12-01,Johannesburg CBD
-26.212441704736005,28.044771894678952,assault,high,2025-03-22,Johannesburg CBD
-26.240601806015913,28.000781667793536,theft,high,2026-03-16,Johannesburg CBD
-26.19217198590038,28.026116904659517,robbery,low,2026-01-30,Johannesburg CBD
-26.246405772620324,28.041416931470778,carjacking,medium,2025-11-09,Johannesburg CBD
-26.203440198186755,28.007029319931586,theft,medium,2025-11-26,Johannesburg CBD
-26.19573553652924,28.028050154496732,theft,medium,2025-04-16,Johannesburg CBD
-26.221345874787172,28.00265624870331,theft,critical,2025-11-15,Johannesburg CBD
-26.190916673943097,28.0062862797724,theft,high,2025-09-19,Johannesburg CBD
-26.246949975006096,28.031753862096128,assault,high,2026-03-03,Johannesburg CBD
-26.24626518112508,28.010617260323446,carjacking,high,2025-01-14,Johannesburg CBD
-26.167739943934034,28.045403267860923,carjacking,medium,2026-03-30,Johannesburg CBD
-26.213980935858874,28.05515719753098,carjacking,critical,2025-07-30,Johannesburg CBD
-26.237293948734813,28.064046935928726,burglary,high,2025-04-20,Johannesburg CBD
-26.197775673994517,28.016012019539584,murder,high,2026-02-09,Johannesburg CBD
-26.173000644690138,28.013398606580726,carjacking,high,2025-01-29,Johannesburg CBD
-26.228417897250317,28.008365427226753,theft,medium,2025-10-30,Johannesburg CBD
-26.187710952418097,28.05091441996349,theft,high,2025-04-15,Johannesburg CBD
-26.241465253500625,28.05651805811895,carjacking,low,2025-02-18,Johannesburg CBD
-26.24483182788314,28.00252689158605,carjacking,medium,2026-03-16,Johannesburg CBD
-26.196864536843183,28.074896979699492,theft,medium,2025-08-01,Johannesburg CBD
-26.19593648783899,28.00415770269212,burglary,critical,2026-03-15,Johannesburg CBD
-26.186257009850177,28.043303706824084,robbery,high,2025-09-22,Johannesburg CBD
-26.177390866627732,28.056724841556072,robbery,high,2025-05-17,Johannesburg CBD
-26.152414792053744,28.069677529899685,carjacking,high,2026-04-25,Johannesburg CBD
-26.19836996516988,28.05712695457059,assault,medium,2025-06-08,Johannesburg CBD
-26.217704352705876,28.06413824664558,carjacking,critical,2026-03-05,Johannesburg CBD
-26.170481380523128,28.027156015403424,carjacking,medium,2025-08-27,Johannesburg CBD
-26.22291677487379,28.06518600909972,robbery,medium,2025-09-20,Johannesburg CBD
-26.206102857929437,28.006409187710773,theft,low,2026-04-05,Johannesburg CBD
-26.242154361865772,28.07158533248484,carjacking,high,2025-10-10,Johannesburg CBD
-26.247464925658456,28.043807390092297,theft,high,2025-07-20,Johannesburg CBD
-26.153735158532207,28.065383821597,theft,medium,2025-04-09,Johannesburg CBD
-26.166401987948777,28.036185462761463,assault,low,2025-10-04,Johannesburg CBD
-26.18040257939063,28.05148621561572,theft,high,2025-12-21,Johannesburg CBD
-26.209104705558573,28.042112212874887,robbery,low,2025-12-29,Johannesburg CBD
-26.232670567992916,28.058527161740425,burglary,high,2026-05-11,Johannesburg CBD
-26.23435629573289,28.006530398562447,burglary,critical,2025-06-10,Johannesburg CBD
-26.22497571018354,28.004828166719246,murder,medium,2025-03-26,Johannesburg CBD
-26.195077333529387,28.019768258720813,carjacking,medium,2025-05-09,Johannesburg CBD
-26.178540407729994,28.012763574409053,robbery,high,2025-04-14,Johannesburg CBD
-26.183980262328227,28.069742685327373,theft,high,2026-02-12,Johannesburg CBD
-26.222006610305407,28.017537118988642,burglary,medium,2025-01-23,Johannesburg CBD
-26.15451347193368,28.07806922046553,robbery,critical,2026-02-14,Johannesburg CBD
-26.176210308330422,28.026951663341688,burglary,low,2025-11-15,Johannesburg CBD
-26.194564594748858,28.014569433255097,theft,medium,2025-02-10,Johannesburg CBD
-26.188827925376565,28.063175880571396,burglary,high,2025-06-03,Johannesburg CBD
-26.20803999375722,28.05269662204007,carjacking,high,2025-07-30,Johannesburg CBD
-26.225226901049883,28.03985565731625,carjacking,low,2026-02-07,Johannesburg CBD
-26.21440273213487,28.04442908407501,murder,high,2025-07-26,Johannesburg CBD
-26.174215388953563,28.057536142261778,murder,medium,2026-01-16,Johannesburg CBD
-26.248560651137023,28.018276379306503,burglary,medium,2025-09-05,Johannesburg CBD
-26.238392735949308,28.079706713284537,robbery,low,2025-06-22,Johannesburg CBD
-26.245399735797825,28.07798345297174,carjacking,high,2025-01-03,Johannesburg CBD
-26.2459271197681,28.052026054907753,robbery,low,2025-08-20,Johannesburg CBD
-26.164453941598897,28.01596339607433,robbery,medium,2026-04-25,Johannesburg CBD
-26.179634214061995,28.054418259394502,burglary,medium,2025-02-20,Johannesburg CBD
-26.202582617091267,28.005775872718335,robbery,high,2026-05-06,Johannesburg CBD
-26.2402165839349,28.002452200176464,carjacking,high,2026-04-30,Johannesburg CBD
-26.200838412488316,28.020614631080896,theft,high,2025-07-13,Johannesburg CBD
-26.202652822921944,28.037009836539145,murder,medium,2025-11-25,Johannesburg CBD
-26.232679813009,28.06946180043267,theft,high,2026-01-18,Johannesburg CBD
-26.206614835076202,28.058173525581303,robbery,medium,2025-01-20,Johannesburg CBD
-26.21014952656026,28.059416521695997,theft,high,2025-12-06,Johannesburg CBD
-26.188414990194776,28.034039466755846,carjacking,critical,2025-05-10,Johannesburg CBD
-26.186490634913234,28.027674799403755,carjacking,low,2025-12-05,Johannesburg CBD
-26.245469599022794,28.029683101038767,robbery,high,2025-05-03,Johannesburg CBD
-26.21253873853735,28.079011965098882,burglary,low,2025-09-27,Johannesburg CBD
-26.187414008428576,28.003208735313,theft,medium,2025-09-01,Johannesburg CBD
-26.19968637414199,28.069362519689793,burglary,medium,2025-12-18,Johannesburg CBD
-26.164351015881167,28.04629403268579,burglary,medium,2025-05-09,Johannesburg CBD
-26.184130636838105,28.035089233535167,assault,medium,2025-04-13,Johannesburg CBD
-26.233706557291857,28.05802061283321,robbery,high,2025-12-16,Johannesburg CBD
-26.242943125259956,28.038933515313975,murder,medium,2026-04-01,Johannesburg CBD
-26.185758072179368,28.06987385904653,carjacking,high,2025-12-03,Johannesburg CBD
-26.24734886894584,28.0720561491209,carjacking,medium,2025-02-02,Johannesburg CBD
-26.191422441872653,28.033737674149876,robbery,low,2025-02-07,Johannesburg CBD
-26.155976975857502,28.022146223778805,murder,high,2025-10-24,Johannesburg CBD
-26.19245258221241,28.047388026287468,carjacking,medium,2025-06-17,Johannesburg CBD
-26.211183007379347,28.072989067649335,robbery,medium,2026-01-25,Johannesburg CBD
-26.185671178155765,28.016852975120454,carjacking,high,2026-03-11,Johannesburg CBD
-26.20417471095085,28.04983732668508,burglary,medium,2025-04-22,Johannesburg CBD
-26.195438321068405,28.0505248176074,theft,low,2025-01-31,Johannesburg CBD
-26.155853519122346,28.05864904179322,theft,medium,2025-04-11,Johannesburg CBD
-26.21138973621992,28.010525414810182,carjacking,critical,2025-09-26,Johannesburg CBD
-26.153880943617608,28.057265997174564,assault,high,2025-02-27,Johannesburg CBD
-26.159464935804394,28.07272260165325,murder,high,2025-01-13,Johannesburg CBD
-26.23042088652107,28.01437464870962,murder,high,2025-02-24,Johannesburg CBD
-26.243063869912483,28.01900346599391,murder,low,2025-08-07,Johannesburg CBD
-26.239922199862256,28.07771160752333,burglary,medium,2026-02-20,Johannesburg CBD
-26.248177817434843,28.014478156216757,murder,high,2025-11-11,Johannesburg CBD
-26.240555703924407,28.068350807469564,theft,low,2026-05-16,Johannesburg CBD
-26.181699322658364,28.03938222851584,burglary,medium,2026-04-19,Johannesburg CBD
-26.242881135153976,28.019778485952255,robbery,medium,2025-04-09,Johannesburg CBD
-26.218102436970625,28.069659992101798,murder,medium,2025-08-29,Johannesburg CBD
-26.165512468903053,28.03562442040021,murder,critical,2025-12-24,Johannesburg CBD
-26.24767280642642,28.041185388314375,robbery,low,2025-04-19,Johannesburg CBD
-26.168553151741104,28.02873866955198,murder,medium,2026-02-15,Johannesburg CBD
-26.22181452252266,28.047436068114795,robbery,low,2026-04-20,Johannesburg CBD
-26.238183517237836,28.0130819098068,burglary,critical,2026-02-01,Johannesburg CBD
-26.180326283463582,28.03128652293214,theft,low,2025-06-28,Johannesburg CBD
-26.187105715322012,28.07755298578682,robbery,medium,2025-12-09,Johannesburg CBD
-26.162252798647295,28.02065067461609,assault,high,2026-03-15,Johannesburg CBD
-26.17649289561961,28.0525389331633,robbery,high,2025-02-13,Johannesburg CBD
-26.169651906961516,28.026015205137973,murder,medium,2025-08-15,Johannesburg CBD
-26.22179654274287,28.061877850054927,burglary,medium,2025-09-14,Johannesburg CBD
-26.232256045622027,28.01046989285747,carjacking,medium,2026-02-24,Johannesburg CBD
-26.174938524835913,28.077585683606284,burglary,medium,2025-02-07,Johannesburg CBD
-26.169316526073274,28.03630316331069,carjacking,medium,2025-03-23,Johannesburg CBD
-26.15094948579993,28.018884037067718,robbery,medium,2025-06-29,Johannesburg CBD
-26.208738232308857,28.0058797397864,theft,medium,2026-03-28,Johannesburg CBD
-26.21279819142072,28.013580632407002,assault,medium,2025-04-29,Johannesburg CBD
-26.1723587039258,28.041581915884482,burglary,high,2025-02-02,Johannesburg CBD
-26.215919645974697,28.026960254114503,murder,critical,2025-07-30,Johannesburg CBD
-26.156924267439642,28.066310669270607,carjacking,high,2026-02-19,Johannesburg CBD
-26.164158724815696,28.034471001892943,murder,low,2025-03-09,Johannesburg CBD
-26.207100597262496,28.01989714180701,theft,low,2025-06-10,Johannesburg CBD
-26.17491289322085,28.04937159892832,carjacking,critical,2025-09-10,Johannesburg CBD
-26.17454571259153,28.056542177350835,burglary,medium,2025-11-27,Johannesburg CBD
-26.239687613116406,28.013363352632076,robbery,low,2025-05-04,Johannesburg CBD
-26.159744709332042,28.013409537303065,murder,medium,2025-09-13,Johannesburg CBD
-26.199474762755212,28.002933714154683,theft,high,2026-04-13,Johannesburg CBD
-26.167354253389224,28.05891216120525,burglary,high,2025-07-22,Johannesburg CBD
-26.217995039896937,28.053104362209744,burglary,medium,2025-11-12,Johannesburg CBD
-26.16044767715038,28.037970470059985,burglary,low,2025-10-28,Johannesburg CBD
-26.211079832126583,28.067533635917535,burglary,critical,2025-09-03,Johannesburg CBD
-26.24891623485197,28.064453612236004,carjacking,medium,2025-11-21,Johannesburg CBD
-26.159461802358074,28.04682834915174,burglary,high,2025-01-27,Johannesburg CBD
-26.240871332321387,28.06946170244106,murder,high,2025-07-04,Johannesburg CBD
-26.218068636240957,28.01646729680294,theft,high,2025-07-17,Johannesburg CBD
-26.154993803294918,28.008953569551817,carjacking,medium,2025-04-21,Johannesburg CBD
-26.15493928530624,28.02157996892136,burglary,medium,2025-09-01,Johannesburg CBD
-26.19265621118767,28.004566948487145,assault,medium,2025-04-21,Johannesburg CBD
-26.18681627878302,28.042493562240082,assault,high,2025-09-15,Johannesburg CBD
-26.205155447802166,28.074928455383596,theft,critical,2025-03-18,Johannesburg CBD
-26.220678922830192,28.003147483253482,robbery,low,2025-12-22,Johannesburg CBD
-26.217133545463007,28.009768793120802,robbery,low,2026-03-17,Johannesburg CBD
-26.182748154392296,28.036175922262675,carjacking,critical,2026-05-02,Johannesburg CBD
-26.174762547056233,28.07471000140223,carjacking,high,2026-03-19,Johannesburg CBD
-26.170842095627414,28.02529248839814,carjacking,high,2025-12-03,Johannesburg CBD
-26.171038185720544,28.04057878469507,robbery,medium,2025-03-21,Johannesburg CBD
-26.24087938969513,28.00332582872403,assault,medium,2025-07-30,Johannesburg CBD
-26.20055796952974,28.011867456076967,robbery,high,2025-01-24,Johannesburg CBD
-26.244244123998335,28.078930409836705,murder,high,2025-12-12,Johannesburg CBD
-26.195047111767625,28.077209495714882,burglary,medium,2025-04-02,Johannesburg CBD
-26.20584694986266,28.000395198474752,carjacking,low,2026-01-09,Johannesburg CBD
-26.161229581724168,28.076144942833857,assault,medium,2025-12-17,Johannesburg CBD
-26.21490849874479,28.051129595025238,theft,medium,2026-03-12,Johannesburg CBD
-26.238293298357238,28.0694334635616,theft,medium,2025-02-22,Johannesburg CBD
-26.235700831794716,28.03637918845071,burglary,critical,2025-08-23,Johannesburg CBD
-26.17384893682825,28.04124768228634,assault,medium,2026-03-22,Johannesburg CBD
-26.188178193668374,28.039107726420553,robbery,high,2025-02-15,Johannesburg CBD
-26.23988773238772,28.053349140603686,robbery,low,2025-06-24,Johannesburg CBD
-26.2415893193885,28.011172100380506,murder,high,2026-05-04,Johannesburg CBD
-26.179903086854086,28.002397887189815,murder,critical,2025-07-26,Johannesburg CBD
-26.24272369936358,28.024634395327293,robbery,low,2026-04-14,Johannesburg CBD
-26.167813994070965,28.05637446101893,theft,low,2026-02-19,Johannesburg CBD
-26.17937577728435,28.016148276169837,carjacking,medium,2025-05-08,Johannesburg CBD
-26.24186512193581,28.05387459466599,theft,low,2025-07-03,Johannesburg CBD
-26.24151622859148,28.07759296368858,murder,high,2026-03-01,Johannesburg CBD
-26.151336042149882,28.007512057263153,burglary,critical,2025-12-15,Johannesburg CBD
-26.21257292042439,28.05380816945801,robbery,medium,2025-11-04,Johannesburg CBD
-26.21293578529331,28.035500017544365,murder,medium,2025-12-15,Johannesburg CBD
-26.16872004327425,28.0694513803502,murder,medium,2026-02-19,Johannesburg CBD
-26.155275142261612,28.01417198315579,carjacking,high,2025-12-04,Johannesburg CBD
-26.15139989361771,28.05541007617809,robbery,low,2026-02-27,Johannesburg CBD
-26.174662181474105,28.067049223171846,carjacking,medium,2025-04-12,Johannesburg CBD
-26.212374041446907,28.07556913755792,robbery,high,2025-12-14,Johannesburg CBD
-26.241649928330133,28.05465984226317,carjacking,high,2026-01-15,Johannesburg CBD
-26.172285308407254,28.039773981120675,theft,medium,2026-01-16,Johannesburg CBD
-26.19415957502642,28.049427779216096,burglary,high,2025-06-20,Johannesburg CBD
-26.207577799075302,28.069512398758295,burglary,low,2025-07-12,Johannesburg CBD
-26.159364561490523,28.045648779731106,robbery,low,2025-02-16,Johannesburg CBD
-26.238880251769384,28.002430964775748,assault,high,2025-01-29,Johannesburg CBD
-26.200737489570912,28.074475895640557,murder,high,2025-01-09,Johannesburg CBD
-26.248864635523258,28.055162140082523,murder,low,2025-07-16,Johannesburg CBD
-26.203133935800587,28.054121070862177,robbery,medium,2025-03-07,Johannesburg CBD
-26.244369672431816,28.017254012191817,carjacking,medium,2025-01-07,Johannesburg CBD
-26.238118208373194,28.052710837618612,assault,medium,2025-05-24,Johannesburg CBD
-26.23824737532229,28.031509152452333,theft,medium,2026-03-15,Johannesburg CBD
-26.185078969788393,28.05209863816332,carjacking,low,2025-09-14,Johannesburg CBD
-26.175395512073457,28.00852744242464,carjacking,medium,2026-02-23,Johannesburg CBD
-26.191663123490283,28.05262762436824,robbery,high,2025-09-08,Johannesburg CBD
-26.153782745152544,28.07995309806165,robbery,high,2026-05-02,Johannesburg CBD
-26.212512942047628,28.003856963108845,murder,high,2025-12-06,Johannesburg CBD
-26.221428791371814,28.078173934737702,robbery,low,2026-04-13,Johannesburg CBD
-26.163140087181052,28.03255263685783,robbery,critical,2025-01-26,Johannesburg CBD
-26.227640416148056,28.06966027602698,robbery,high,2026-03-29,Johannesburg CBD
-26.153677746055937,28.06259083872466,murder,high,2025-02-28,Johannesburg CBD
-26.248784552531017,28.045361300878934,theft,high,2025-08-23,Johannesburg CBD
-26.153012117329236,28.059075936740104,theft,critical,2025-12-03,Johannesburg CBD
-26.245684008804943,28.070281244904105,robbery,medium,2025-05-28,Johannesburg CBD
-26.16088568863019,28.032331225732083,murder,medium,2026-01-13,Johannesburg CBD
-26.197229889091368,28.02616265292506,theft,high,2026-04-14,Johannesburg CBD
-26.150703520388067,28.053407470845087,carjacking,high,2025-07-25,Johannesburg CBD
-26.24262034352646,28.0646276753553,theft,high,2025-10-10,Johannesburg CBD
-26.194614571559867,28.06098281078213,theft,medium,2025-09-03,Johannesburg CBD
-26.15306974643809,28.06382509190869,murder,low,2025-03-10,Johannesburg CBD
-26.197690215582984,28.034846665185032,carjacking,medium,2025-10-04,Johannesburg CBD
-26.187060136186474,28.065426737294,murder,critical,2025-11-10,Johannesburg CBD
-26.180425131101536,28.009616724429648,robbery,medium,2025-12-09,Johannesburg CBD
-26.20454589352322,28.04355912783687,burglary,medium,2026-03-21,Johannesburg CBD
-26.187244191991592,28.000460692839848,theft,medium,2025-05-24,Johannesburg CBD
-26.19156856880769,28.02596686639202,burglary,medium,2025-06-25,Johannesburg CBD
-26.1598841989509,28.02931692278971,murder,high,2025-02-02,Johannesburg CBD
-26.245455361965853,28.03169381532874,murder,high,2025-12-13,Johannesburg CBD
-26.221903681040775,28.055637376535188,murder,high,2025-11-24,Johannesburg CBD
-26.154958851592344,28.031084648101626,burglary,medium,2025-03-05,Johannesburg CBD
-26.160973621610907,28.035895489809803,murder,high,2025-07-24,Johannesburg CBD
-26.20443432472143,28.019003530469945,robbery,medium,2025-12-05,Johannesburg CBD
-26.187986740219845,28.029860143330346,murder,high,2025-04-15,Johannesburg CBD
-26.222261881701886,28.018181570181053,assault,medium,2025-02-22,Johannesburg CBD
-26.231187884027623,28.005855673901475,burglary,medium,2026-01-19,Johannesburg CBD
-26.203630159506,28.04827588747051,assault,high,2025-07-05,Johannesburg CBD
-26.214664777197395,28.053457023884402,murder,critical,2025-06-03,Johannesburg CBD
-26.19163438881491,28.049559227680767,robbery,low,2025-02-24,Johannesburg CBD
-26.2422265363035,28.037079523504044,theft,high,2026-03-19,Johannesburg CBD
-26.152560519233383,28.03038286241434,carjacking,medium,2025-05-17,Johannesburg CBD
-26.151378925552038,28.069066691965745,carjacking,medium,2026-05-15,Johannesburg CBD
-26.180183828598025,28.041526542810896,murder,low,2025-01-11,Johannesburg CBD
-26.196390363365587,28.03833455021038,robbery,medium,2025-04-17,Johannesburg CBD
-26.219047238371367,28.002051365264514,burglary,medium,2025-02-13,Johannesburg CBD
-26.168620498029306,28.027299826210093,assault,low,2026-02-11,Johannesburg CBD
-26.18152688274461,28.030415649502867,assault,medium,2026-04-13,Johannesburg CBD
-26.23373830606551,28.031905822471753,assault,critical,2025-09-01,Johannesburg CBD
-26.158907281550615,28.046413789538185,burglary,low,2025-10-07,Johannesburg CBD
-26.16774627570768,28.042688203738148,carjacking,high,2025-04-17,Johannesburg CBD
-26.155020008670807,28.048632407423476,robbery,medium,2025-09-06,Johannesburg CBD
-26.17742804916116,28.06119066092337,burglary,high,2025-05-30,Johannesburg CBD
-26.18865848040642,28.065038859097285,assault,medium,2025-12-03,Johannesburg CBD
-26.208175696370937,28.05744984609812,murder,low,2026-02-17,Johannesburg CBD
-26.156727151664597,28.076441895676393,theft,low,2025-02-21,Johannesburg CBD
-26.16339361104996,28.001458606614108,burglary,low,2026-05-06,Johannesburg CBD
-26.24547813298938,28.015662238854684,burglary,low,2025-12-08,Johannesburg CBD
-26.247363302550276,28.00060502999825,robbery,high,2025-04-15,Johannesburg CBD
-26.212353663312193,28.051797977132367,robbery,high,2025-07-31,Johannesburg CBD
-26.168944666921817,28.071842443915997,burglary,high,2025-10-23,Johannesburg CBD
-26.151272387068506,28.019478583726105,assault,high,2025-03-09,Johannesburg CBD
-26.234958310889645,28.074162763583704,theft,low,2025-02-01,Johannesburg CBD
-26.190586928464786,28.004821391223164,robbery,medium,2025-03-13,Johannesburg CBD
-26.211910914336897,28.07475488214444,assault,medium,2026-02-02,Johannesburg CBD
-26.153008560218538,28.02812981497917,murder,medium,2025-02-06,Johannesburg CBD
-26.165788107686428,28.008113666275936,robbery,medium,2025-05-15,Johannesburg CBD
-26.166167129528883,28.038869740734906,assault,medium,2026-02-02,Johannesburg CBD
-26.203130684020504,28.02054212541764,assault,medium,2025-01-13,Johannesburg CBD
-26.208518049766234,28.022789832156953,theft,medium,2025-10-07,Johannesburg CBD
-26.222659292806927,28.0245831971941,theft,high,2026-03-23,Johannesburg CBD
-26.244362450334908,28.064242071826612,murder,high,2025-12-27,Johannesburg CBD
-26.163527762374493,28.04313290213402,assault,medium,2026-04-04,Johannesburg CBD
-26.16870989908699,28.02490461593248,carjacking,critical,2026-04-06,Johannesburg CBD
-26.150028232671385,28.048826702664872,assault,critical,2025-03-13,Johannesburg CBD
-26.15033631629261,28.057292053937854,theft,medium,2025-02-17,Johannesburg CBD
-26.194456829439737,28.021809920058683,carjacking,medium,2026-03-21,Johannesburg CBD
-26.17310125848195,28.03308392812203,robbery,medium,2025-09-18,Johannesburg CBD
-26.155523427011754,28.009750887466957,robbery,critical,2026-02-01,Johannesburg CBD
-26.165035260932257,28.014491947962775,burglary,high,2026-03-22,Johannesburg CBD
-26.22526518982568,28.054489428317197,theft,low,2025-06-08,Johannesburg CBD
-26.20494558646899,28.01451506781565,burglary,medium,2025-02-06,Johannesburg CBD
-26.23708405848485,28.042013070693365,carjacking,medium,2025-11-26,Johannesburg CBD
-26.154594897274126,28.056723700937795,theft,medium,2026-01-31,Johannesburg CBD
-26.189382536554913,28.00855015384758,murder,low,2026-01-17,Johannesburg CBD
-26.227135719449652,28.04538497757031,assault,high,2025-10-19,Johannesburg CBD
-26.182829931559414,28.02052502269611,murder,high,2026-04-30,Johannesburg CBD
-26.18818717595421,28.077034150019006,carjacking,high,2025-02-19,Johannesburg CBD
-26.214183728196716,28.038683651737593,theft,high,2025-01-15,Johannesburg CBD
-26.238644240780037,28.064479403982013,carjacking,high,2026-03-22,Johannesburg CBD
-26.182842680440718,28.0440181233725,assault,medium,2025-12-03,Johannesburg CBD
-26.19796922990962,28.003473002628386,robbery,high,2025-07-24,Johannesburg CBD
-26.172768160826436,28.05065211004752,robbery,low,2025-02-14,Johannesburg CBD
-26.1979836498888,28.07611226737653,carjacking,high,2025-09-24,Johannesburg CBD
-26.164781849968143,28.048128945611705,burglary,low,2025-08-13,Johannesburg CBD
-26.19480931612255,28.06553510875414,theft,high,2026-02-22,Johannesburg CBD
-26.19390620284646,28.07073651706787,theft,medium,2025-01-13,Johannesburg CBD
-26.162334639734166,28.018246381755915,robbery,low,2025-03-03,Johannesburg CBD
-26.20965171337876,28.01696358719266,murder,low,2025-08-24,Johannesburg CBD
-26.236598477154935,28.04887847910808,assault,low,2026-02-02,Johannesburg CBD
-26.247121732368665,28.032882277584537,murder,high,2026-04-29,Johannesburg CBD
-26.17448627443264,28.067188904229337,murder,high,2025-04-08,Johannesburg CBD
-26.18796904486465,28.07200184987184,carjacking,medium,2025-08-28,Johannesburg CBD
-26.179592023190075,28.028273710344216,robbery,low,2025-10-04,Johannesburg CBD
-26.228703583849107,28.018949644717956,robbery,low,2026-03-23,Johannesburg CBD
-26.236362852441324,28.06244204121951,robbery,low,2025-01-12,Johannesburg CBD
-26.248545533433212,28.021984482843852,carjacking,low,2025-02-19,Johannesburg CBD
-26.21494124411934,28.065809145481094,burglary,high,2025-06-11,Johannesburg CBD
-26.191008231314537,28.0338990602919,murder,medium,2025-12-28,Johannesburg CBD
-26.210775595490027,28.053403991943316,carjacking,medium,2025-04-28,Johannesburg CBD
-26.206252507797625,28.007642825106775,theft,low,2026-02-16,Johannesburg CBD
-26.159584130550623,28.049908745974125,assault,medium,2026-04-21,Johannesburg CBD
-26.21517445329767,28.036141414298978,burglary,medium,2026-02-03,Johannesburg CBD
-26.19860105108402,28.046928677054037,theft,high,2025-12-24,Johannesburg CBD
-26.171634698725885,28.013441136619587,murder,medium,2026-04-15,Johannesburg CBD
-26.210345721767872,28.058949899595532,robbery,low,2025-08-08,Johannesburg CBD
-26.187791329977212,28.069023766203458,murder,medium,2026-04-05,Johannesburg CBD
-26.163763629125324,28.017339184007263,carjacking,medium,2025-05-12,Johannesburg CBD
-26.155047937634233,28.007657164441614,assault,medium,2025-09-23,Johannesburg CBD
-26.235292651907095,28.001891086883706,carjacking,critical,2026-01-29,Johannesburg CBD
-26.15734123748385,28.051357720035462,burglary,high,2025-09-14,Johannesburg CBD
-26.200788370692045,28.0485675228871,burglary,medium,2025-05-13,Johannesburg CBD
-26.224175561170103,28.043735793017124,assault,medium,2025-02-27,Johannesburg CBD
-26.20408642437617,28.01855576768928,theft,medium,2025-10-23,Johannesburg CBD
-26.15199674247145,28.03127247967244,theft,medium,2025-04-11,Johannesburg CBD
-26.200738190600713,28.047558106814893,burglary,high,2026-02-01,Johannesburg CBD
-26.217124838971248,28.039741348708734,burglary,high,2025-03-08,Johannesburg CBD
-26.186659914568327,28.07902284161719,robbery,low,2025-05-25,Johannesburg CBD
-26.22598543812218,28.010915180204538,theft,medium,2026-02-15,Johannesburg CBD
-26.242413667189133,28.055611564323808,assault,medium,2025-10-16,Johannesburg CBD
-26.237112027808934,28.032345501448344,theft,high,2025-10-11,Johannesburg CBD
-26.23719541610422,28.03425596919405,robbery,high,2025-04-08,Johannesburg CBD
-26.23480973064877,28.057407821252653,carjacking,medium,2025-10-09,Johannesburg CBD
-26.23611728273506,28.055394892105948,burglary,low,2025-03-02,Johannesburg CBD
-26.185912525519676,28.079300479496172,burglary,high,2025-08-04,Johannesburg CBD
-26.231811991560086,28.01027154315633,robbery,low,2025-02-26,Johannesburg CBD
-26.215433271667614,28.008328771950733,assault,medium,2026-02-20,Johannesburg CBD
-26.1603211590094,28.0579471053703,burglary,low,2026-04-08,Johannesburg CBD
-26.20260383597371,28.046270953360512,murder,high,2025-04-28,Johannesburg CBD
-26.183244226147895,28.021932853324785,burglary,medium,2026-02-20,Johannesburg CBD
-26.232768012879838,28.00635354951912,murder,medium,2025-11-21,Johannesburg CBD
-26.23077109811913,28.006852659967713,robbery,high,2025-12-24,Johannesburg CBD
-26.245913138373353,28.07153526997313,robbery,medium,2026-04-20,Johannesburg CBD
-26.233106493692784,28.015349385977498,burglary,medium,2026-04-04,Johannesburg CBD
-26.222140966096802,28.02586972496924,theft,medium,2025-11-12,Johannesburg CBD
-26.232298951572325,28.01813251217816,murder,low,2026-04-24,Johannesburg CBD
-26.241129746624296,28.028399704466555,assault,high,2026-01-26,Johannesburg CBD
-26.23793641288994,28.00555390741969,burglary,low,2025-10-06,Johannesburg CBD
-26.203922123196726,28.04152478327266,assault,medium,2025-11-28,Johannesburg CBD
-26.229366628159422,28.005409005087376,burglary,medium,2025-01-17,Johannesburg CBD
-26.213573013895193,28.064028520625786,theft,high,2025-03-17,Johannesburg CBD
-26.199658272914515,28.018696966552834,theft,high,2025-11-21,Johannesburg CBD
-26.180960517137063,28.04320095316836,theft,medium,2026-02-23,Johannesburg CBD
-26.24606878601589,28.070406327004914,carjacking,low,2026-03-05,Johannesburg CBD
-26.170058960109095,28.052070189523775,theft,high,2026-02-11,Johannesburg CBD
-26.187209961050907,28.042636622924107,robbery,medium,2025-11-11,Johannesburg CBD
-26.241824096805114,28.02594670024923,robbery,high,2025-10-13,Johannesburg CBD
-26.16264213758932,28.026640153044657,carjacking,high,2026-04-26,Johannesburg CBD
-26.157912759946818,28.053558956415856,murder,high,2025-05-13,Johannesburg CBD
-26.243892204014514,28.07953114889769,assault,medium,2026-01-22,Johannesburg CBD
-26.222312235185278,28.05294713518795,burglary,medium,2025-01-10,Johannesburg CBD
-26.16937987202069,28.0446226733896,burglary,high,2025-02-24,Johannesburg CBD
-26.17517403096163,28.058452040819137,carjacking,medium,2026-03-15,Johannesburg CBD
-26.231547898064363,28.037216448982697,robbery,low,2026-04-30,Johannesburg CBD
-26.22906506766633,28.00481138740806,burglary,high,2025-12-14,Johannesburg CBD
-26.212952789720863,28.044983745270233,robbery,high,2025-04-21,Johannesburg CBD
-26.201547701480898,28.07661002276043,murder,medium,2026-02-19,Johannesburg CBD
-26.18817452284697,28.01402423538861,assault,low,2025-12-07,Johannesburg CBD
-26.21310863604302,28.055200391265654,murder,medium,2025-11-02,Johannesburg CBD
-26.203746528386684,28.016074695092723,carjacking,high,2025-01-15,Johannesburg CBD
-26.175252906186625,28.042866214757847,theft,critical,2026-02-09,Johannesburg CBD
-26.24633167971094,28.007734115971736,theft,medium,2026-02-23,Johannesburg CBD
-26.2247563055656,28.036029674900654,theft,low,2026-04-06,Johannesburg CBD
-26.178665041411545,28.06049306631162,murder,high,2025-02-01,Johannesburg CBD
-26.160479316231278,28.027805721939117,burglary,medium,2025-07-24,Johannesburg CBD
-26.19883225578843,28.053192937958976,assault,medium,2026-04-12,Johannesburg CBD
-26.19678865147347,28.063635996863177,theft,critical,2026-04-12,Johannesburg CBD
-26.23928279886602,28.074174225558355,carjacking,low,2025-11-02,Johannesburg CBD
-26.205258763317655,28.018771366548435,carjacking,high,2025-01-02,Johannesburg CBD
-26.196738273354498,28.031945273264743,theft,low,2025-07-17,Johannesburg CBD
-26.225752949636526,28.012193281066434,theft,medium,2025-08-23,Johannesburg CBD
-26.22307567690506,28.07939868017267,assault,high,2025-06-14,Johannesburg CBD
-26.21227158368954,28.07416007743394,theft,medium,2026-03-27,Johannesburg CBD
-26.247992880222228,28.043196570422445,assault,critical,2025-04-08,Johannesburg CBD
-26.217792083441683,28.067362663550114,carjacking,medium,2025-11-07,Johannesburg CBD
-26.228855199300344,28.041676638181762,theft,medium,2026-03-06,Johannesburg CBD
-26.21725026478221,28.04988685504022,murder,medium,2025-09-23,Johannesburg CBD
-26.238023786818076,28.00712995456928,murder,medium,2025-05-18,Johannesburg CBD
-26.16094727192601,28.060421633639745,carjacking,medium,2026-04-12,Johannesburg CBD
-26.190640754644594,28.01021707869082,assault,low,2025-08-31,Johannesburg CBD
-26.18208976808555,28.0660854104202,murder,medium,2025-12-21,Johannesburg CBD
-26.171082876139266,28.06256224701363,assault,medium,2025-09-10,Johannesburg CBD
-26.200155780107092,28.056699575819437,murder,high,2025-11-30,Johannesburg CBD
-26.241307971191258,28.00289283044198,murder,high,2025-02-22,Johannesburg CBD
-26.196289345818144,28.024250268475626,assault,high,2025-01-10,Johannesburg CBD
-26.191315888197913,28.021049005592868,burglary,low,2026-04-01,Johannesburg CBD
-26.175456052581566,28.02881091259772,murder,medium,2025-02-11,Johannesburg CBD
-26.206834045377033,28.007011419741108,theft,high,2026-05-04,Johannesburg CBD
-26.237241969720444,28.074956625842482,carjacking,medium,2025-07-27,Johannesburg CBD
-26.221622409420128,28.04430417925699,burglary,low,2025-02-16,Johannesburg CBD
-26.213691770360136,28.02444194485264,assault,high,2025-06-13,Johannesburg CBD
-26.185408275866838,28.03175852136594,burglary,high,2026-03-30,Johannesburg CBD
-26.19292216953311,28.035776203240385,robbery,medium,2025-03-23,Johannesburg CBD
-26.214390327410214,28.048047546668847,robbery,low,2025-10-03,Johannesburg CBD
-26.151348475120702,28.04125435421572,murder,high,2025-07-10,Johannesburg CBD
-26.189422518064312,28.073551357857152,murder,medium,2025-06-06,Johannesburg CBD
-26.2262773208264,28.039757078632466,theft,high,2026-03-09,Johannesburg CBD
-26.23982175273796,28.079372641185863,carjacking,high,2025-09-13,Johannesburg CBD
-26.234714086081567,28.068113996619605,burglary,high,2025-10-25,Johannesburg CBD
-26.225404227161548,28.016680841148588,robbery,medium,2025-11-07,Johannesburg CBD
-26.233931862674044,28.07444761717151,murder,low,2025-06-08,Johannesburg CBD
-26.23134329759487,28.009309311830837,carjacking,high,2026-03-10,Johannesburg CBD
-26.221490483130616,28.065395976679294,burglary,high,2025-07-08,Johannesburg CBD
-26.232662640470526,28.030449863478125,murder,high,2026-01-14,Johannesburg CBD
-26.160323457537356,28.070237945635604,murder,low,2025-08-13,Johannesburg CBD
-26.241976625433836,28.069444535208593,robbery,low,2026-04-22,Johannesburg CBD
-26.197548861042975,28.064474032009407,robbery,high,2025-10-20,Johannesburg CBD
-26.208960317301035,28.063202434904564,murder,high,2025-03-13,Johannesburg CBD
-26.151762138309138,28.02437433112784,assault,critical,2025-04-05,Johannesburg CBD
-26.238796109783195,28.0064735426441,murder,high,2025-08-04,Johannesburg CBD
-26.210214440095424,28.03223841430121,carjacking,medium,2025-09-29,Johannesburg CBD
-26.15305295667246,28.01388196119892,murder,high,2025-12-16,Johannesburg CBD
-26.1634492874106,28.055596087112196,theft,high,2026-01-31,Johannesburg CBD
-26.16829279290507,28.027687978123023,theft,medium,2026-03-06,Johannesburg CBD
-26.224209717295505,28.07804881606879,theft,high,2025-04-06,Johannesburg CBD
-26.232911241260993,28.051277766187624,assault,low,2025-11-08,Johannesburg CBD
-26.183135678007556,28.06579844509075,assault,medium,2025-11-15,Johannesburg CBD
-26.15706240108724,28.010601973819348,murder,high,2025-11-03,Johannesburg CBD
-26.194323710698605,28.068961158581807,theft,medium,2025-04-10,Johannesburg CBD
-26.19283873105301,28.07382057524107,assault,medium,2025-12-06,Johannesburg CBD
-26.22200209063397,28.038964953505513,robbery,medium,2025-06-20,Johannesburg CBD
-26.173050706680804,28.04850023502008,murder,medium,2026-01-10,Johannesburg CBD
-26.23129562514425,28.06118478407224,carjacking,medium,2025-12-28,Johannesburg CBD
-26.217632076359575,28.013987090180834,burglary,medium,2025-08-04,Johannesburg CBD
-26.20745635613836,28.040205286117075,murder,critical,2025-11-07,Johannesburg CBD
-26.199238962131552,28.031893042221785,burglary,medium,2025-11-13,Johannesburg CBD
-26.225759026758492,28.01170991937298,theft,low,2025-07-01,Johannesburg CBD
-26.23851631752608,28.029402753783323,burglary,low,2025-08-14,Johannesburg CBD
-26.188937995755836,28.005453784750838,theft,high,2025-11-30,Johannesburg CBD
-26.221136944675973,28.00206495255596,robbery,medium,2025-06-23,Johannesburg CBD
-26.191876177857736,28.010813303132384,burglary,high,2026-04-30,Johannesburg CBD
-26.23456372847258,28.077049208927132,murder,high,2025-06-15,Johannesburg CBD
-26.201885989814517,28.0439623628716,theft,high,2025-02-07,Johannesburg CBD
-26.19674105674484,28.077265772892257,murder,medium,2025-09-25,Johannesburg CBD
-26.244817646317756,28.03459983026641,assault,high,2025-01-03,Johannesburg CBD
-26.21633957218061,28.02494529064682,theft,medium,2025-02-19,Johannesburg CBD
-26.236558532306102,28.040491349027217,burglary,critical,2025-01-20,Johannesburg CBD
-26.243662502952724,28.035160935090634,theft,high,2025-11-05,Johannesburg CBD
-26.151003976761004,28.00845317474094,murder,medium,2025-08-03,Johannesburg CBD
-26.217764615502528,28.051266105175216,robbery,medium,2025-11-08,Johannesburg CBD
-26.169012555414536,28.017283054600767,theft,low,2025-03-03,Johannesburg CBD
-26.224535934523622,28.049567036391824,burglary,high,2025-12-02,Johannesburg CBD
-26.181849727777607,28.052016087391852,assault,medium,2026-05-12,Johannesburg CBD
-26.173977214011032,28.01216198825029,carjacking,medium,2025-04-11,Johannesburg CBD
-26.190436125939215,28.004907970168855,robbery,medium,2026-01-21,Johannesburg CBD
-26.202842381144983,28.062460926885475,assault,high,2025-10-18,Johannesburg CBD
-26.208815908585272,28.036784033901544,theft,high,2026-04-04,Johannesburg CBD
-26.2151131733457,28.00465310364044,murder,high,2025-10-26,Johannesburg CBD
-26.157047085575215,28.07958930537358,murder,high,2025-05-22,Johannesburg CBD
-26.166938059221227,28.004622444879708,burglary,low,2025-10-02,Johannesburg CBD
-26.153497308933346,28.05560281830868,murder,low,2025-01-28,Johannesburg CBD
-26.237570277651447,28.07869431402107,robbery,high,2025-10-26,Johannesburg CBD
-26.176913252479636,28.019134408337273,murder,medium,2025-05-15,Johannesburg CBD
-26.156165954317895,28.011379949494977,burglary,medium,2026-04-26,Johannesburg CBD
-26.231876693383434,28.009710795153794,carjacking,low,2025-09-23,Johannesburg CBD
-26.243350373263322,28.02426201180541,theft,medium,2026-01-19,Johannesburg CBD
-26.175887935070993,28.00808366488085,theft,low,2025-05-03,Johannesburg CBD
-26.192552688682007,28.055372907335528,murder,high,2025-11-09,Johannesburg CBD
-26.16581712232417,28.004983343850405,assault,medium,2025-10-28,Johannesburg CBD
-26.23602276233737,28.040753770251982,theft,medium,2025-06-13,Johannesburg CBD
-26.17047326881401,28.079735748308238,carjacking,low,2025-05-19,Johannesburg CBD
-26.229837267995226,28.06511762156048,murder,high,2025-11-17,Johannesburg CBD
-26.233634405713428,28.04921755505848,burglary,medium,2025-07-20,Johannesburg CBD
-26.233573420206902,28.024500289662928,carjacking,high,2026-04-25,Johannesburg CBD
-26.16854252797686,28.04991166690333,murder,high,2025-04-27,Johannesburg CBD
-26.18348027793038,28.04216331711293,carjacking,medium,2026-02-28,Johannesburg CBD
-26.197693457523087,28.03408667071123,theft,critical,2026-03-17,Johannesburg CBD
-26.21411695158765,28.010456830139216,burglary,critical,2025-06-23,Johannesburg CBD
-26.162279945918687,28.070928337219236,murder,high,2025-03-29,Johannesburg CBD
-26.210755489257735,28.035982771905704,robbery,high,2025-07-30,Johannesburg CBD
-26.16834005605284,28.01556980094566,burglary,medium,2025-12-02,Johannesburg CBD
-26.206086509142978,28.029420748070184,robbery,medium,2025-05-18,Johannesburg CBD
-26.21230555705751,28.033130380202312,carjacking,low,2026-01-03,Johannesburg CBD
-26.203732021433037,28.066203031645347,assault,low,2025-05-29,Johannesburg CBD
-26.219862212583585,28.05868915044491,burglary,critical,2026-04-21,Johannesburg CBD
-26.175239061982374,28.061544391491307,carjacking,medium,2025-12-17,Johannesburg CBD
-26.199727960990753,28.00088250115429,robbery,high,2025-05-26,Johannesburg CBD
-26.226778730485318,28.03329231985438,theft,high,2025-06-02,Johannesburg CBD
-26.160042542672542,28.038507532130826,theft,high,2025-01-16,Johannesburg CBD
-26.21161087786268,28.001535382145846,assault,critical,2025-06-22,Johannesburg CBD
-26.1956447138886,28.0207850566996,burglary,medium,2025-05-10,Johannesburg CBD
-26.159352788903544,28.06082318584977,burglary,low,2025-07-07,Johannesburg CBD
-26.1875762004086,28.01096877645832,burglary,medium,2025-09-23,Johannesburg CBD
-26.238310195929163,28.042824810516205,carjacking,low,2025-07-27,Johannesburg CBD
-26.156016787638652,28.017216149761378,assault,low,2025-07-27,Johannesburg CBD
-26.187229194692858,28.00096966197151,burglary,medium,2025-12-07,Johannesburg CBD
-26.216509438534292,28.01929611660796,carjacking,high,2026-04-10,Johannesburg CBD
-26.236072792733662,28.0780699003928,theft,medium,2025-06-01,Johannesburg CBD
-26.17059748107297,28.064122968950638,robbery,medium,2025-06-25,Johannesburg CBD
-26.18799272440715,28.076766131545682,carjacking,high,2026-01-14,Johannesburg CBD
-26.196653890802367,28.03902832351411,theft,medium,2025-07-03,Johannesburg CBD
-26.160610741694903,28.0087788958942,theft,low,2025-02-17,Johannesburg CBD
-26.171140278877544,28.043836759117895,robbery,high,2025-07-23,Johannesburg CBD
-26.234832512026724,28.036350186764796,theft,high,2025-12-08,Johannesburg CBD
-26.218827793220445,28.067548566619166,assault,high,2026-04-16,Johannesburg CBD
-26.225151086018553,28.00784660646274,robbery,low,2025-07-12,Johannesburg CBD
-26.17560537074273,28.03905929096174,theft,high,2025-02-09,Johannesburg CBD
-26.24664675652642,28.012003893175518,murder,high,2025-09-10,Johannesburg CBD
-26.193011031512867,28.025974074151204,carjacking,medium,2026-01-27,Johannesburg CBD
-26.17375413142593,28.058988566191022,theft,high,2026-02-07,Johannesburg CBD
-26.162323436323824,28.0380814503495,assault,high,2025-05-14,Johannesburg CBD
-26.21579182512841,28.03007106281166,burglary,medium,2025-10-24,Johannesburg CBD
-26.1678742695328,28.0315581022856,theft,medium,2026-01-28,Johannesburg CBD
-26.238936826304478,28.03675574147248,burglary,critical,2026-01-24,Johannesburg CBD
-26.165354770826546,28.062801323506964,murder,high,2025-12-06,Johannesburg CBD
-26.2372511337668,28.071366775115216,theft,medium,2025-01-11,Johannesburg CBD
-26.210271270943963,28.076426774920314,robbery,high,2025-12-28,Johannesburg CBD
-26.170270463422042,28.06295227090042,burglary,medium,2025-07-03,Johannesburg CBD
-26.23500825726512,28.02523255165984,murder,medium,2025-02-15,Johannesburg CBD
-26.227074860476737,28.055050776486922,robbery,medium,2025-03-28,Johannesburg CBD
-26.177774743160693,28.03500824992443,robbery,critical,2025-12-01,Johannesburg CBD
-26.17799634634539,28.020373649763684,robbery,critical,2025-01-19,Johannesburg CBD
-26.18588523671147,28.067269726354073,robbery,medium,2026-02-01,Johannesburg CBD
-26.180605155553287,28.003074107916987,theft,medium,2025-08-02,Johannesburg CBD
-26.19572755566524,28.07214095937083,carjacking,medium,2026-01-30,Johannesburg CBD
-26.224820094109305,28.036918197169978,theft,critical,2025-04-27,Johannesburg CBD
-26.21543040064961,28.05097611814466,theft,critical,2025-09-16,Johannesburg CBD
-26.231840228319857,28.052748313776462,murder,high,2025-09-12,Johannesburg CBD
-26.159154943866636,28.07160941925652,murder,high,2025-07-22,Johannesburg CBD
-26.19166082052339,28.050933574573374,carjacking,high,2026-02-22,Johannesburg CBD
-26.209914858323636,28.049114686780804,murder,medium,2025-05-31,Johannesburg CBD
-26.203799419635587,28.005332163244855,assault,low,2026-04-14,Johannesburg CBD
-26.155271666038818,28.041472641755615,carjacking,medium,2026-01-15,Johannesburg CBD
-26.23466485968839,28.012013520065363,murder,high,2025-11-07,Johannesburg CBD
-26.19137701679832,28.058994701497717,carjacking,high,2026-03-04,Johannesburg CBD
-26.199411132111553,28.040977753665015,theft,medium,2025-02-16,Johannesburg CBD
-26.188854576456535,28.05441822233667,theft,critical,2025-01-21,Johannesburg CBD
-26.248188981617915,28.00333383204819,carjacking,low,2025-01-17,Johannesburg CBD
-26.162787609105585,28.006783361283663,assault,medium,2025-03-25,Johannesburg CBD
-26.156788171751636,28.057305871045013,assault,high,2026-04-23,Johannesburg CBD
-26.19348668164108,28.005766746879893,carjacking,high,2025-04-19,Johannesburg CBD
-26.18033491761231,28.00570053822122,murder,high,2026-05-16,Johannesburg CBD
-26.15775006188227,28.00096867801879,burglary,medium,2025-06-15,Johannesburg CBD
-26.17927613656866,28.076520111863957,assault,low,2025-02-08,Johannesburg CBD
-26.234746095708573,28.05900066875672,robbery,high,2025-08-05,Johannesburg CBD
-26.192371163983317,28.028260112680165,theft,medium,2026-01-12,Johannesburg CBD
-26.189328495361714,28.023722846503013,carjacking,low,2025-09-02,Johannesburg CBD
-26.20758693286976,28.027976258379667,robbery,high,2025-04-21,Johannesburg CBD
-26.176355576437526,28.061972282494494,carjacking,medium,2025-01-31,Johannesburg CBD
-26.156563298523096,28.05290964888563,theft,high,2025-01-16,Johannesburg CBD
-26.15744314870932,28.014815645429398,theft,high,2025-08-08,Johannesburg CBD
-26.204916062859585,28.013928746826725,assault,low,2026-05-06,Johannesburg CBD
-26.238676195415923,28.007871651977073,assault,low,2025-02-22,Johannesburg CBD
-26.151515880103766,28.052824217576106,robbery,high,2025-10-11,Johannesburg CBD
-26.166110191355404,28.06114981297774,carjacking,high,2025-12-17,Johannesburg CBD
-26.237533731879672,28.021203714266,theft,high,2026-05-06,Johannesburg CBD
-26.15791581173826,28.001675596882475,robbery,high,2025-05-16,Johannesburg CBD
-26.163010363793784,28.006573733398113,burglary,high,2025-06-16,Johannesburg CBD
-26.19811619428739,28.0774288027876,robbery,critical,2025-01-12,Johannesburg CBD
-26.190872456425506,28.023635582198192,murder,medium,2025-11-23,Johannesburg CBD
-26.210099729612985,28.06153785182705,robbery,medium,2026-03-26,Johannesburg CBD
-26.244523836117796,28.04997308550834,murder,medium,2025-03-13,Johannesburg CBD
-26.21648027583541,28.03055517117223,murder,low,2025-06-15,Johannesburg CBD
-26.169714655140197,28.016454980975645,murder,medium,2026-04-05,Johannesburg CBD
-26.24953679769954,28.009710913452754,burglary,medium,2025-06-27,Johannesburg CBD
-26.216650082830885,28.049201037443108,robbery,critical,2025-07-17,Johannesburg CBD
-26.210183130640907,28.06197070245102,robbery,medium,2025-02-21,Johannesburg CBD
-26.196260439706208,28.05151234028329,burglary,medium,2025-04-21,Johannesburg CBD
-26.158014438358723,28.04242417065993,theft,medium,2025-05-22,Johannesburg CBD
-26.215365400563403,28.00335609787453,assault,low,2025-07-11,Johannesburg CBD
-26.215304679810377,28.077479102207548,robbery,low,2025-03-17,Johannesburg CBD
-26.176249875189026,28.063897135332365,assault,medium,2026-05-06,Johannesburg CBD
-26.20477820591102,28.02342576293608,carjacking,low,2025-05-25,Johannesburg CBD
-26.227539517706003,28.078397626348707,carjacking,high,2025-08-25,Johannesburg CBD
-26.20475604838673,28.048150527170904,burglary,high,2025-09-08,Johannesburg CBD
-26.23591429796202,28.046593812656578,carjacking,high,2025-07-03,Johannesburg CBD
-26.23236130134938,28.05984585435436,carjacking,high,2025-12-11,Johannesburg CBD
-26.20016322272605,28.064941583047208,theft,medium,2025-06-28,Johannesburg CBD
-26.208107455049543,28.05251828858652,theft,high,2026-02-04,Johannesburg CBD
-26.158515409893187,28.010247659709297,theft,high,2025-05-06,Johannesburg CBD
-26.213760610088336,28.02706140047956,carjacking,low,2026-03-12,Johannesburg CBD
-26.191941164972196,28.074246691226083,burglary,high,2025-03-31,Johannesburg CBD
-26.186773571208047,28.01796924894751,murder,medium,2025-01-03,Johannesburg CBD
-26.248690554341167,28.029773361907,murder,high,2026-01-13,Johannesburg CBD
-26.183646262798327,28.034566150635534,assault,critical,2025-06-14,Johannesburg CBD
-26.232196403313026,28.035152399175555,murder,low,2025-07-20,Johannesburg CBD
-26.153892968253054,28.049035166599563,murder,high,2025-10-19,Johannesburg CBD
-26.23513372722469,28.075446067019573,theft,high,2025-06-08,Johannesburg CBD
-26.208537587627298,28.0192554169466,theft,critical,2026-03-18,Johannesburg CBD
-26.241465033192135,28.009720110104073,carjacking,medium,2025-04-07,Johannesburg CBD
-26.150312574815405,28.015797639188794,assault,high,2026-01-06,Johannesburg CBD
-26.199780498966874,28.07095399201674,robbery,low,2025-08-16,Johannesburg CBD
-26.190461498267993,28.051664865012416,assault,medium,2025-10-03,Johannesburg CBD
-26.243292352261157,28.022872543139133,assault,low,2026-02-23,Johannesburg CBD
-26.175003952960083,28.065275755117487,burglary,critical,2026-05-10,Johannesburg CBD
-26.22900944069044,28.068909599709073,carjacking,high,2025-04-11,Johannesburg CBD
-26.16019457105593,28.06772114709522,burglary,high,2025-03-04,Johannesburg CBD
-26.229486035951798,28.07351412269116,assault,critical,2025-04-18,Johannesburg CBD
-26.230931227933635,28.020179281613867,assault,low,2025-01-10,Johannesburg CBD
-26.246345033215192,28.0604033542997,assault,medium,2025-04-06,Johannesburg CBD
-26.202793305489,28.03684315978193,murder,low,2025-02-05,Johannesburg CBD
-26.193515886673737,28.0673598842312,burglary,medium,2025-07-26,Johannesburg CBD
-26.243429136057166,28.058279254172927,assault,medium,2025-01-01,Johannesburg CBD
-26.1724472383305,28.062115795719976,theft,medium,2025-05-25,Johannesburg CBD
-26.204671116525198,28.052492947014485,carjacking,medium,2025-03-31,Johannesburg CBD
-26.19756097306724,28.014194301557577,carjacking,low,2026-02-21,Johannesburg CBD
-26.205923725306178,28.043602153511753,theft,low,2025-06-04,Johannesburg CBD
-26.209923693912465,28.078773579161957,carjacking,low,2025-12-07,Johannesburg CBD
-26.194035966869176,28.074991045319766,murder,critical,2025-12-16,Johannesburg CBD
-26.23447597540693,28.00345389886376,murder,high,2025-04-02,Johannesburg CBD
-26.231807186950473,28.013185185258354,robbery,critical,2025-05-03,Johannesburg CBD
-26.163821437898648,28.010538301876366,robbery,medium,2025-05-06,Johannesburg CBD
-26.155388453786635,28.058078392798823,robbery,medium,2025-09-29,Johannesburg CBD
-26.212669068372023,28.065422826388556,carjacking,high,2025-12-03,Johannesburg CBD
-26.222925532685643,28.017080909304852,murder,medium,2025-12-13,Johannesburg CBD
-26.185600045676097,28.040468215436146,murder,medium,2025-01-23,Johannesburg CBD
-26.20912658289019,28.067256242240894,murder,medium,2025-10-04,Johannesburg CBD
-26.247461364433967,28.0586241235813,theft,low,2025-07-06,Johannesburg CBD
-26.23438474026338,28.043378976439346,murder,medium,2025-11-02,Johannesburg CBD
-26.17840277711526,28.047227815236702,theft,medium,2025-12-05,Johannesburg CBD
-26.184107605808983,28.040668843753302,robbery,high,2026-04-08,Johannesburg CBD
-26.24729040074965,28.023803876105504,robbery,low,2026-02-27,Johannesburg CBD
-26.227802783806705,28.04520175942872,carjacking,medium,2025-12-07,Johannesburg CBD
-26.226892520341192,28.055110824164007,robbery,high,2026-01-19,Johannesburg CBD
-26.182810725640127,28.069865833268864,carjacking,low,2025-11-01,Johannesburg CBD
-26.248028946224565,28.05090330831834,assault,medium,2026-04-15,Johannesburg CBD
-26.23958914180154,28.060889722963452,assault,high,2025-01-09,Johannesburg CBD
-26.17000839146268,28.012805730796366,burglary,low,2025-08-25,Johannesburg CBD
-26.232145533794565,28.036924597953583,carjacking,low,2026-04-28,Johannesburg CBD
-26.18472538921481,28.000746529586166,burglary,medium,2025-12-28,Johannesburg CBD
-26.226181721895326,28.01973430916173,burglary,medium,2025-02-15,Johannesburg CBD
-26.240055860724066,28.05811693720904,assault,medium,2025-04-04,Johannesburg CBD
-26.225682780900055,28.079344796107947,carjacking,high,2025-10-11,Johannesburg CBD
-26.177773306814434,28.007934247966976,assault,low,2025-09-10,Johannesburg CBD
-26.16443035318937,28.032119545268902,burglary,medium,2025-02-17,Johannesburg CBD
-26.1669780135433,28.06400567749593,carjacking,medium,2025-10-27,Johannesburg CBD
-26.210281647038155,28.01632285077031,burglary,low,2026-02-08,Johannesburg CBD
-26.183191486342935,28.04440679594418,murder,high,2025-01-31,Johannesburg CBD
-26.229501570458417,28.058645703682373,carjacking,medium,2026-03-11,Johannesburg CBD
-26.2206852269739,28.049278836020815,carjacking,medium,2026-03-12,Johannesburg CBD
-26.160366418147888,28.015041978769233,burglary,low,2025-08-04,Johannesburg CBD
-26.248699807648926,28.028430765494857,murder,medium,2026-02-02,Johannesburg CBD
-26.241449146914555,28.06270334275883,theft,medium,2025-09-13,Johannesburg CBD
-26.2292113744854,28.04433812113056,assault,high,2025-05-20,Johannesburg CBD
-26.247346779612617,28.000418369083434,burglary,low,2025-03-13,Johannesburg CBD
-26.23185645649102,28.060879260802245,carjacking,medium,2025-03-12,Johannesburg CBD
-26.19169584390303,28.00282490839522,assault,medium,2025-02-25,Johannesburg CBD
-26.20785754494075,28.059658702618496,assault,high,2025-11-14,Johannesburg CBD
-26.1607328288923,28.01619844481322,assault,medium,2025-06-01,Johannesburg CBD
-26.168255643826154,28.07664587840955,theft,high,2025-05-29,Johannesburg CBD
-26.21581826483021,28.029435260104165,robbery,high,2025-05-24,Johannesburg CBD
-26.22405765665687,28.026154529307046,burglary,high,2025-07-17,Johannesburg CBD
-26.21203075918327,28.011911044026597,robbery,medium,2025-07-11,Johannesburg CBD
-26.190970505748517,28.024448337239217,robbery,medium,2025-06-01,Johannesburg CBD
-26.223193635917713,28.070132060946253,robbery,high,2025-07-06,Johannesburg CBD
-26.187585109215085,28.079706747010178,assault,critical,2025-05-27,Johannesburg CBD
-26.209058834780876,28.029464762440547,murder,high,2025-03-01,Johannesburg CBD
-26.1947952819148,28.03588885047636,assault,medium,2025-06-03,Johannesburg CBD
-26.20638734708647,28.057765675056217,assault,low,2026-03-23,Johannesburg CBD
-26.220553424045807,28.070895662437206,carjacking,medium,2026-01-18,Johannesburg CBD
-26.155154669303784,28.047443546734943,carjacking,high,2025-06-24,Johannesburg CBD
-26.173639420584024,28.031322055854226,robbery,medium,2025-09-16,Johannesburg CBD
-26.235988682423354,28.03300974726789,assault,medium,2025-06-11,Johannesburg CBD
-26.163153202410207,28.055649451719745,robbery,high,2026-04-09,Johannesburg CBD
-26.20125688017505,28.000257461088342,carjacking,medium,2026-05-07,Johannesburg CBD
-26.16054477731059,28.049567146996786,murder,high,2025-10-11,Johannesburg CBD
-26.170014474405267,28.028439440835307,burglary,medium,2026-02-05,Johannesburg CBD
-26.207478649553074,28.063535786502165,robbery,medium,2025-05-27,Johannesburg CBD
-26.247753069167988,28.00743925118585,murder,medium,2025-12-02,Johannesburg CBD
-26.223132264061505,28.04705618135587,burglary,high,2026-04-24,Johannesburg CBD
-26.195836578533914,28.03847783119089,theft,low,2026-02-27,Johannesburg CBD
-26.186652178017383,28.051386042072416,robbery,low,2025-03-11,Johannesburg CBD
-26.224211231456678,28.00518828755864,robbery,critical,2025-12-09,Johannesburg CBD
-26.236064392592716,28.04639870299425,theft,low,2026-03-23,Johannesburg CBD
-26.16650697632007,28.044918767036762,theft,medium,2026-03-11,Johannesburg CBD
-26.15155978192964,28.044852807553294,robbery,medium,2025-11-29,Johannesburg CBD
-26.19743098176973,28.048279013327715,theft,medium,2025-04-29,Johannesburg CBD
-26.23283207141517,28.054117434978107,assault,high,2025-04-30,Johannesburg CBD
-26.222769267348063,28.06439911997446,burglary,medium,2025-01-30,Johannesburg CBD
-26.248160932345254,28.021585657610256,burglary,medium,2025-08-01,Johannesburg CBD
-26.15857011934395,28.066003952814402,burglary,medium,2025-10-10,Johannesburg CBD
-26.238224891710985,28.039860454581074,assault,high,2026-02-27,Johannesburg CBD
-26.192348352448573,28.006164662330747,theft,low,2025-07-05,Johannesburg CBD
-26.222594477931278,28.00468407433952,murder,medium,2025-07-10,Johannesburg CBD
-26.19458219974842,28.026739065495683,theft,low,2025-02-03,Johannesburg CBD
-26.184857961164813,28.062791758168917,robbery,medium,2025-11-29,Johannesburg CBD
-26.167025819629277,28.056614474779273,carjacking,medium,2025-06-27,Johannesburg CBD
-26.22935787282394,28.06308919717379,burglary,low,2025-03-27,Johannesburg CBD
-26.248900417134152,28.041381524515327,theft,high,2026-01-18,Johannesburg CBD
-26.23631143699312,28.03521591983644,murder,medium,2026-02-01,Johannesburg CBD
-26.159998135815187,28.0117962021365,robbery,critical,2025-05-23,Johannesburg CBD
-26.162610992243746,28.026255420288745,assault,critical,2025-11-01,Johannesburg CBD
-26.19025868978297,28.03472154929391,assault,medium,2025-04-08,Johannesburg CBD
-26.189948313956634,28.00708803437437,murder,low,2025-07-27,Johannesburg CBD
-26.183496332545374,28.017648956216895,robbery,medium,2026-01-18,Johannesburg CBD
-26.232462872137656,28.047858023525098,burglary,high,2025-02-02,Johannesburg CBD
-26.158558805407502,28.058853049139135,theft,medium,2026-03-29,Johannesburg CBD
-26.20812294751079,28.079867800911433,robbery,low,2026-01-18,Johannesburg CBD
-26.21168614717505,28.074649066507483,assault,medium,2025-04-09,Johannesburg CBD
-26.198108229471714,28.051405215962813,murder,high,2025-08-18,Johannesburg CBD
-26.245303403322495,28.033699844263523,murder,high,2026-04-20,Johannesburg CBD
-26.23337166312439,28.050894189176656,theft,low,2025-04-01,Johannesburg CBD
-26.17619663835736,28.062852129446416,murder,high,2025-01-26,Johannesburg CBD
-26.241720133207487,28.00946689527387,murder,medium,2025-09-11,Johannesburg CBD
-26.18968478905336,28.032792391175704,robbery,medium,2025-06-15,Johannesburg CBD
-26.225465089031868,28.06718418285085,burglary,high,2025-10-03,Johannesburg CBD
-26.2110704385958,28.030706636154644,theft,medium,2025-04-14,Johannesburg CBD
-26.22113062632293,28.045749781698174,robbery,medium,2025-10-29,Johannesburg CBD
-26.214432728353504,28.047021548868976,burglary,low,2025-01-15,Johannesburg CBD
-26.178095409481575,28.014758100250692,robbery,high,2025-09-16,Johannesburg CBD
-26.220287828437684,28.028978835332182,carjacking,high,2025-09-16,Johannesburg CBD
-26.19335953597031,28.026760903099355,robbery,high,2026-03-27,Johannesburg CBD
-26.20239495978009,28.002095736682566,murder,high,2025-04-02,Johannesburg CBD
-26.183632883463734,28.00193534111131,burglary,low,2026-03-31,Johannesburg CBD
-26.156317026067523,28.06653576349406,theft,medium,2025-08-28,Johannesburg CBD
-26.176742790278976,28.021845664797823,theft,medium,2025-03-16,Johannesburg CBD
-26.228505962140925,28.041446301299104,burglary,low,2025-07-16,Johannesburg CBD
-26.24688168649387,28.0238980458871,murder,medium,2025-02-09,Johannesburg CBD
-26.223773595570016,28.075254339609227,assault,critical,2025-03-04,Johannesburg CBD
-26.190492206929974,28.02074374070926,robbery,low,2025-09-10,Johannesburg CBD
-26.244857418651574,28.034372545019114,murder,medium,2025-12-14,Johannesburg CBD
-26.200363375279874,28.069818420038768,carjacking,medium,2025-03-24,Johannesburg CBD
-26.19031571510831,28.067354685343343,burglary,medium,2025-06-24,Johannesburg CBD
-26.216575610918305,28.014888113427702,robbery,critical,2025-07-29,Johannesburg CBD
-26.172908779625416,28.064211464783657,theft,medium,2025-11-13,Johannesburg CBD
-26.23934017468662,28.03665495093903,assault,medium,2025-01-16,Johannesburg CBD
-26.242486221826418,28.03863750976683,carjacking,high,2026-05-11,Johannesburg CBD
-26.17718112437964,28.010678397793274,theft,low,2025-07-12,Johannesburg CBD
-26.20045086837938,28.00644812110057,burglary,medium,2026-05-09,Johannesburg CBD
-26.181159760357225,28.0582351445579,robbery,medium,2026-03-18,Johannesburg CBD
-26.206517266139624,28.039716892188423,burglary,medium,2026-04-17,Johannesburg CBD
-26.225359796676088,28.034948056209213,robbery,critical,2025-04-12,Johannesburg CBD
-26.16808976823258,28.05836065829219,murder,high,2026-03-21,Johannesburg CBD
-26.1700584121031,28.061241031919288,assault,medium,2026-03-07,Johannesburg CBD
-26.180530352914555,28.012712653413548,murder,high,2025-03-28,Johannesburg CBD
-26.222785486277004,28.04881801195821,murder,low,2025-03-21,Johannesburg CBD
-26.19097693331309,28.010828326582214,burglary,low,2026-02-20,Johannesburg CBD
-26.213902610305997,28.060110006882322,assault,medium,2025-09-10,Johannesburg CBD
-26.240841792667336,28.05255641250137,robbery,medium,2025-11-01,Johannesburg CBD
-26.158268642453773,28.076529169686676,robbery,medium,2026-04-13,Johannesburg CBD
-26.236318136908103,28.005516641308514,carjacking,high,2025-04-30,Johannesburg CBD
-26.15497626461792,28.004564377692102,theft,critical,2026-03-31,Johannesburg CBD
-26.205399422704204,28.022574965975455,carjacking,medium,2026-04-19,Johannesburg CBD
